,Loan_ID,Gender,Married,Dependents,Education,Self_Employed,ApplicantIncome,LoanAmount,Loan_Amount_Term,Credit_History,Property_Area,Loan_Status
0,LP001002,Male,No,0,Graduate,No,5849,126.0,360.0,1.0,Urban,Y
1,LP001003,Male,Yes,1,Graduate,No,4583,128.0,360.0,1.0,Rural,N
2,LP001005,Male,Yes,0,Graduate,Yes,3000,66.0,360.0,1.0,Urban,Y
3,LP001006,Male,Yes,0,Not Graduate,No,2583,120.0,360.0,1.0,Urban,Y
4,LP001008,Male,No,0,Graduate,No,6000,141.0,360.0,1.0,Urban,Y
5,LP001011,Male,Yes,2,Graduate,Yes,5417,267.0,360.0,1.0,Urban,Y
6,LP001013,Male,Yes,0,Not Graduate,No,2333,95.0,360.0,1.0,Urban,Y
7,LP001014,Male,Yes,3+,Graduate,No,3036,158.0,360.0,0.0,Semiurban,N
8,LP001018,Male,Yes,2,Graduate,No,4006,168.0,360.0,1.0,Urban,Y
9,LP001020,Male,Yes,1,Graduate,No,12841,349.0,360.0,1.0,Semiurban,N
10,LP001024,Male,Yes,2,Graduate,No,3200,70.0,360.0,1.0,Urban,Y
11,LP001027,Male,Yes,2,Graduate,No,2500,109.0,360.0,1.0,Urban,Y
12,LP001028,Male,Yes,2,Graduate,No,3073,200.0,360.0,1.0,Urban,Y
13,LP001029,Male,No,0,Graduate,No,1853,114.0,360.0,1.0,Rural,N
14,LP001030,Male,Yes,2,Graduate,No,1299,17.0,120.0,1.0,Urban,Y
15,LP001032,Male,No,0,Graduate,No,4950,125.0,360.0,1.0,Urban,Y
16,LP001034,Male,No,1,Not Graduate,No,3596,100.0,240.0,1.0,Urban,Y
17,LP001036,Female,No,0,Graduate,No,3510,76.0,360.0,0.0,Urban,N
18,LP001038,Male,Yes,0,Not Graduate,No,4887,133.0,360.0,1.0,Rural,N
19,LP001041,Male,Yes,0,Graduate,No,2600,115.0,360.0,1.0,Urban,Y
20,LP001043,Male,Yes,0,Not Graduate,No,7660,104.0,360.0,0.0,Urban,N
21,LP001046,Male,Yes,1,Graduate,No,5955,315.0,360.0,1.0,Urban,Y
22,LP001047,Male,Yes,0,Not Graduate,No,2600,116.0,360.0,0.0,Semiurban,N
23,LP001050,Male,Yes,2,Not Graduate,No,3365,112.0,360.0,0.0,Rural,N
24,LP001052,Male,Yes,1,Graduate,No,3717,151.0,360.0,1.0,Semiurban,N
25,LP001066,Male,Yes,0,Graduate,Yes,9560,191.0,360.0,1.0,Semiurban,Y
26,LP001068,Male,Yes,0,Graduate,No,2799,122.0,360.0,1.0,Semiurban,Y
27,LP001073,Male,Yes,2,Not Graduate,No,4226,110.0,360.0,1.0,Urban,Y
28,LP001086,Male,No,0,Not Graduate,No,1442,35.0,360.0,1.0,Urban,N
29,LP001087,Female,No,2,Graduate,No,3750,120.0,360.0,1.0,Semiurban,Y
30,LP001091,Male,Yes,1,Graduate,No,4166,201.0,360.0,1.0,Urban,N
31,LP001095,Male,No,0,Graduate,No,3167,74.0,360.0,1.0,Urban,N
32,LP001097,Male,No,1,Graduate,Yes,4692,106.0,360.0,1.0,Rural,N
33,LP001098,Male,Yes,0,Graduate,No,3500,114.0,360.0,1.0,Semiurban,Y
34,LP001100,Male,No,3+,Graduate,No,12500,320.0,360.0,1.0,Rural,N
35,LP001106,Male,Yes,0,Graduate,No,2275,126.0,360.0,1.0,Urban,Y
36,LP001109,Male,Yes,0,Graduate,No,1828,100.0,360.0,0.0,Urban,N
37,LP001112,Female,Yes,0,Graduate,No,3667,144.0,360.0,1.0,Semiurban,Y
38,LP001114,Male,No,0,Graduate,No,4166,184.0,360.0,1.0,Urban,Y
39,LP001116,Male,No,0,Not Graduate,No,3748,110.0,360.0,1.0,Semiurban,Y
40,LP001119,Male,No,0,Graduate,No,3600,80.0,360.0,1.0,Urban,N
41,LP001120,Male,No,0,Graduate,No,1800,47.0,360.0,1.0,Urban,Y
42,LP001123,Male,Yes,0,Graduate,No,2400,75.0,360.0,1.0,Urban,Y
43,LP001131,Male,Yes,0,Graduate,No,3941,134.0,360.0,1.0,Semiurban,Y
44,LP001136,Male,Yes,0,Not Graduate,Yes,4695,96.0,360.0,1.0,Urban,Y
45,LP001137,Female,No,0,Graduate,No,3410,88.0,360.0,1.0,Urban,Y
46,LP001138,Male,Yes,1,Graduate,No,5649,44.0,360.0,1.0,Urban,Y
47,LP001144,Male,Yes,0,Graduate,No,5821,144.0,360.0,1.0,Urban,Y
48,LP001146,Female,Yes,0,Graduate,No,2645,120.0,360.0,0.0,Urban,N
49,LP001151,Female,No,0,Graduate,No,4000,144.0,360.0,1.0,Semiurban,Y
50,LP001155,Female,Yes,0,Not Graduate,No,1928,100.0,360.0,1.0,Semiurban,Y
51,LP001157,Female,No,0,Graduate,No,3086,120.0,360.0,1.0,Semiurban,Y
52,LP001164,Female,No,0,Graduate,No,4230,112.0,360.0,1.0,Semiurban,N
53,LP001179,Male,Yes,2,Graduate,No,4616,134.0,360.0,1.0,Urban,N
54,LP001186,Female,Yes,1,Graduate,Yes,11500,286.0,360.0,0.0,Urban,N
55,LP001194,Male,Yes,2,Graduate,No,2708,97.0,360.0,1.0,Semiurban,Y
56,LP001195,Male,Yes,0,Graduate,No,2132,96.0,360.0,1.0,Semiurban,Y
57,LP001197,Male,Yes,0,Graduate,No,3366,135.0,360.0,1.0,Rural,N
58,LP001198,Male,Yes,1,Graduate,No,8080,180.0,360.0,1.0,Urban,Y
59,LP001199,Male,Yes,2,Not Graduate,No,3357,144.0,360.0,1.0,Urban,Y
60,LP001205,Male,Yes,0,Graduate,No,2500,120.0,360.0,1.0,Urban,Y
61,LP001206,Male,Yes,3+,Graduate,No,3029,99.0,360.0,1.0,Urban,Y
62,LP001207,Male,Yes,0,Not Graduate,Yes,2609,165.0,180.0,0.0,Rural,N
63,LP001213,Male,Yes,1,Graduate,No,4945,126.0,360.0,0.0,Rural,N
64,LP001222,Female,No,0,Graduate,No,4166,116.0,360.0,0.0,Semiurban,N
65,LP001225,Male,Yes,0,Graduate,No,5726,258.0,360.0,1.0,Semiurban,N
66,LP001228,Male,No,0,Not Graduate,No,3200,126.0,180.0,0.0,Urban,N
67,LP001233,Male,Yes,1,Graduate,No,10750,312.0,360.0,1.0,Urban,Y
68,LP001238,Male,Yes,3+,Not Graduate,Yes,7100,125.0,60.0,1.0,Urban,Y
69,LP001241,Female,No,0,Graduate,No,4300,136.0,360.0,0.0,Semiurban,N
70,LP001243,Male,Yes,0,Graduate,No,3208,172.0,360.0,1.0,Urban,Y
71,LP001245,Male,Yes,2,Not Graduate,Yes,1875,97.0,360.0,1.0,Semiurban,Y
72,LP001248,Male,No,0,Graduate,No,3500,81.0,300.0,1.0,Semiurban,Y
73,LP001250,Male,Yes,3+,Not Graduate,No,4755,95.0,360.0,0.0,Semiurban,N
74,LP001253,Male,Yes,3+,Graduate,Yes,5266,187.0,360.0,1.0,Semiurban,Y
75,LP001255,Male,No,0,Graduate,No,3750,113.0,480.0,1.0,Urban,N
76,LP001256,Male,No,0,Graduate,No,3750,176.0,360.0,1.0,Urban,N
77,LP001259,Male,Yes,1,Graduate,Yes,1000,110.0,360.0,1.0,Urban,N
78,LP001263,Male,Yes,3+,Graduate,No,3167,180.0,300.0,0.0,Semiurban,N
79,LP001264,Male,Yes,3+,Not Graduate,Yes,3333,130.0,360.0,1.0,Semiurban,Y
80,LP001265,Female,No,0,Graduate,No,3846,111.0,360.0,1.0,Semiurban,Y
81,LP001266,Male,Yes,1,Graduate,Yes,2395,126.0,360.0,1.0,Semiurban,Y
82,LP001267,Female,Yes,2,Graduate,No,1378,167.0,360.0,1.0,Urban,N
83,LP001273,Male,Yes,0,Graduate,No,6000,265.0,360.0,1.0,Semiurban,N
84,LP001275,Male,Yes,1,Graduate,No,3988,50.0,240.0,1.0,Urban,Y
85,LP001279,Male,No,0,Graduate,No,2366,136.0,360.0,1.0,Semiurban,Y
86,LP001280,Male,Yes,2,Not Graduate,No,3333,99.0,360.0,1.0,Semiurban,Y
87,LP001282,Male,Yes,0,Graduate,No,2500,104.0,360.0,1.0,Semiurban,Y
88,LP001289,Male,No,0,Graduate,No,8566,210.0,360.0,1.0,Urban,Y
89,LP001310,Male,Yes,0,Graduate,No,5695,175.0,360.0,1.0,Semiurban,Y
90,LP001316,Male,Yes,0,Graduate,No,2958,131.0,360.0,1.0,Semiurban,Y
91,LP001318,Male,Yes,2,Graduate,No,6250,188.0,180.0,1.0,Semiurban,Y
92,LP001319,Male,Yes,2,Not Graduate,No,3273,81.0,360.0,1.0,Urban,Y
93,LP001322,Male,No,0,Graduate,No,4133,122.0,360.0,1.0,Semiurban,Y
94,LP001325,Male,No,0,Not Graduate,No,3620,25.0,120.0,1.0,Semiurban,Y
95,LP001326,Male,No,0,Graduate,No,6782,126.0,360.0,1.0,Urban,N
96,LP001327,Female,Yes,0,Graduate,No,2484,137.0,360.0,1.0,Semiurban,Y
97,LP001333,Male,Yes,0,Graduate,No,1977,50.0,360.0,1.0,Semiurban,Y
98,LP001334,Male,Yes,0,Not Graduate,No,4188,115.0,180.0,1.0,Semiurban,Y
99,LP001343,Male,Yes,0,Graduate,No,1759,131.0,360.0,1.0,Semiurban,Y
100,LP001345,Male,Yes,2,Not Graduate,No,4288,133.0,180.0,1.0,Urban,Y
101,LP001349,Male,No,0,Graduate,No,4843,151.0,360.0,1.0,Semiurban,Y
102,LP001350,Male,Yes,0,Graduate,No,13650,126.0,360.0,1.0,Urban,Y
103,LP001356,Male,Yes,0,Graduate,No,4652,126.0,360.0,1.0,Semiurban,Y
104,LP001357,Male,Yes,0,Graduate,No,3816,160.0,360.0,1.0,Urban,Y
105,LP001367,Male,Yes,1,Graduate,No,3052,100.0,360.0,1.0,Urban,Y
106,LP001369,Male,Yes,2,Graduate,No,11417,225.0,360.0,1.0,Urban,Y
107,LP001370,Male,No,0,Not Graduate,No,7333,120.0,360.0,1.0,Rural,N
108,LP001379,Male,Yes,2,Graduate,No,3800,216.0,360.0,0.0,Urban,N
109,LP001384,Male,Yes,3+,Not Graduate,No,2071,94.0,480.0,1.0,Semiurban,Y
110,LP001385,Male,No,0,Graduate,No,5316,136.0,360.0,1.0,Urban,Y
111,LP001387,Female,Yes,0,Graduate,No,2929,139.0,360.0,1.0,Semiurban,Y
112,LP001391,Male,Yes,0,Not Graduate,No,3572,152.0,360.0,0.0,Rural,N
113,LP001392,Female,No,1,Graduate,Yes,7451,126.0,360.0,1.0,Semiurban,Y
114,LP001398,Male,No,0,Graduate,No,5050,118.0,360.0,1.0,Semiurban,Y
115,LP001401,Male,Yes,1,Graduate,No,14583,185.0,180.0,1.0,Rural,Y
116,LP001404,Female,Yes,0,Graduate,No,3167,154.0,360.0,1.0,Semiurban,Y
117,LP001405,Male,Yes,1,Graduate,No,2214,85.0,360.0,1.0,Urban,Y
118,LP001421,Male,Yes,0,Graduate,No,5568,175.0,360.0,1.0,Rural,N
119,LP001422,Female,No,0,Graduate,No,10408,259.0,360.0,1.0,Urban,Y
120,LP001426,Male,Yes,0,Graduate,No,5667,180.0,360.0,1.0,Rural,Y
121,LP001430,Female,No,0,Graduate,No,4166,44.0,360.0,1.0,Semiurban,Y
122,LP001431,Female,No,0,Graduate,No,2137,137.0,360.0,0.0,Semiurban,Y
123,LP001432,Male,Yes,2,Graduate,No,2957,81.0,360.0,1.0,Semiurban,Y
124,LP001439,Male,Yes,0,Not Graduate,No,4300,194.0,360.0,1.0,Rural,Y
125,LP001443,Female,No,0,Graduate,No,3692,93.0,360.0,1.0,Rural,Y
126,LP001448,Male,Yes,3+,Graduate,No,23803,370.0,360.0,1.0,Rural,Y
127,LP001449,Male,No,0,Graduate,No,3865,126.0,360.0,1.0,Rural,Y
128,LP001451,Male,Yes,1,Graduate,Yes,10513,160.0,180.0,0.0,Urban,N
129,LP001465,Male,Yes,0,Graduate,No,6080,182.0,360.0,1.0,Rural,N
130,LP001469,Male,No,0,Graduate,Yes,20166,650.0,480.0,1.0,Urban,Y
131,LP001473,Male,No,0,Graduate,No,2014,74.0,360.0,1.0,Urban,Y
132,LP001478,Male,No,0,Graduate,No,2718,70.0,360.0,1.0,Semiurban,Y
133,LP001482,Male,Yes,0,Graduate,Yes,3459,25.0,120.0,1.0,Semiurban,Y
134,LP001487,Male,No,0,Graduate,No,4895,102.0,360.0,1.0,Semiurban,Y
135,LP001488,Male,Yes,3+,Graduate,No,4000,290.0,360.0,1.0,Semiurban,N
136,LP001489,Female,Yes,0,Graduate,No,4583,84.0,360.0,1.0,Rural,N
137,LP001491,Male,Yes,2,Graduate,Yes,3316,88.0,360.0,1.0,Urban,Y
138,LP001492,Male,No,0,Graduate,No,14999,242.0,360.0,0.0,Semiurban,N
139,LP001493,Male,Yes,2,Not Graduate,No,4200,129.0,360.0,1.0,Rural,N
140,LP001497,Male,Yes,2,Graduate,No,5042,185.0,360.0,1.0,Rural,N
141,LP001498,Male,No,0,Graduate,No,5417,168.0,360.0,1.0,Urban,Y
142,LP001504,Male,No,0,Graduate,Yes,6950,175.0,180.0,1.0,Semiurban,Y
143,LP001507,Male,Yes,0,Graduate,No,2698,122.0,360.0,1.0,Semiurban,Y
144,LP001508,Male,Yes,2,Graduate,No,11757,187.0,180.0,1.0,Urban,Y
145,LP001514,Female,Yes,0,Graduate,No,2330,100.0,360.0,1.0,Semiurban,Y
146,LP001516,Female,Yes,2,Graduate,No,14866,70.0,360.0,1.0,Urban,Y
147,LP001518,Male,Yes,1,Graduate,No,1538,30.0,360.0,1.0,Urban,Y
148,LP001519,Female,No,0,Graduate,No,10000,225.0,360.0,1.0,Rural,N
149,LP001520,Male,Yes,0,Graduate,No,4860,125.0,360.0,1.0,Semiurban,Y
150,LP001528,Male,No,0,Graduate,No,6277,118.0,360.0,0.0,Rural,N
151,LP001529,Male,Yes,0,Graduate,Yes,2577,152.0,360.0,1.0,Rural,Y
152,LP001531,Male,No,0,Graduate,No,9166,244.0,360.0,1.0,Urban,N
153,LP001532,Male,Yes,2,Not Graduate,No,2281,113.0,360.0,1.0,Rural,N
154,LP001535,Male,No,0,Graduate,No,3254,50.0,360.0,1.0,Urban,Y
155,LP001536,Male,Yes,3+,Graduate,No,39999,600.0,180.0,0.0,Semiurban,Y
156,LP001541,Male,Yes,1,Graduate,No,6000,160.0,360.0,1.0,Rural,Y
157,LP001543,Male,Yes,1,Graduate,No,9538,187.0,360.0,1.0,Urban,Y
158,LP001546,Male,No,0,Graduate,No,2980,120.0,360.0,1.0,Rural,Y
159,LP001552,Male,Yes,0,Graduate,No,4583,255.0,360.0,1.0,Semiurban,Y
160,LP001560,Male,Yes,0,Not Graduate,No,1863,98.0,360.0,1.0,Semiurban,Y
161,LP001562,Male,Yes,0,Graduate,No,7933,275.0,360.0,1.0,Urban,N
162,LP001565,Male,Yes,1,Graduate,No,3089,121.0,360.0,0.0,Semiurban,N
163,LP001570,Male,Yes,2,Graduate,No,4167,158.0,360.0,1.0,Rural,Y
164,LP001572,Male,Yes,0,Graduate,No,9323,75.0,180.0,1.0,Urban,Y
165,LP001574,Male,Yes,0,Graduate,No,3707,182.0,360.0,1.0,Rural,Y
166,LP001577,Female,Yes,0,Graduate,No,4583,112.0,360.0,1.0,Rural,N
167,LP001578,Male,Yes,0,Graduate,No,2439,129.0,360.0,1.0,Rural,Y
168,LP001579,Male,No,0,Graduate,No,2237,63.0,480.0,0.0,Semiurban,N
169,LP001580,Male,Yes,2,Graduate,No,8000,200.0,360.0,1.0,Semiurban,Y
170,LP001581,Male,Yes,0,Not Graduate,No,1820,95.0,360.0,1.0,Rural,Y
171,LP001585,Male,Yes,3+,Graduate,No,51763,700.0,300.0,1.0,Urban,Y
172,LP001586,Male,Yes,3+,Not Graduate,No,3522,81.0,180.0,1.0,Rural,N
173,LP001594,Male,Yes,0,Graduate,No,5708,187.0,360.0,1.0,Semiurban,Y
174,LP001603,Male,Yes,0,Not Graduate,Yes,4344,87.0,360.0,1.0,Semiurban,N
175,LP001606,Male,Yes,0,Graduate,No,3497,116.0,360.0,1.0,Rural,Y
176,LP001608,Male,Yes,2,Graduate,No,2045,101.0,360.0,1.0,Rural,Y
177,LP001610,Male,Yes,3+,Graduate,No,5516,495.0,360.0,0.0,Semiurban,N
178,LP001616,Male,Yes,1,Graduate,No,3750,116.0,360.0,1.0,Semiurban,Y
179,LP001630,Male,No,0,Not Graduate,No,2333,102.0,480.0,0.0,Urban,N
180,LP001633,Male,Yes,1,Graduate,No,6400,180.0,360.0,0.0,Urban,N
181,LP001634,Male,No,0,Graduate,No,1916,67.0,360.0,1.0,Rural,N
182,LP001636,Male,Yes,0,Graduate,No,4600,73.0,180.0,1.0,Semiurban,Y
183,LP001637,Male,Yes,1,Graduate,No,33846,260.0,360.0,1.0,Semiurban,N
184,LP001639,Female,Yes,0,Graduate,No,3625,108.0,360.0,1.0,Semiurban,Y
185,LP001640,Male,Yes,0,Graduate,Yes,39147,120.0,360.0,1.0,Semiurban,Y
186,LP001641,Male,Yes,1,Graduate,Yes,2178,66.0,300.0,0.0,Rural,N
187,LP001643,Male,Yes,0,Graduate,No,2383,58.0,360.0,1.0,Rural,Y
188,LP001644,Male,Yes,0,Graduate,Yes,674,168.0,360.0,1.0,Rural,Y
189,LP001647,Male,Yes,0,Graduate,No,9328,188.0,180.0,1.0,Rural,Y
190,LP001653,Male,No,0,Not Graduate,No,4885,48.0,360.0,1.0,Rural,Y
191,LP001656,Male,No,0,Graduate,No,12000,164.0,360.0,1.0,Semiurban,N
192,LP001657,Male,Yes,0,Not Graduate,No,6033,160.0,360.0,1.0,Urban,N
193,LP001658,Male,No,0,Graduate,No,3858,76.0,360.0,1.0,Semiurban,Y
194,LP001664,Male,No,0,Graduate,No,4191,120.0,360.0,1.0,Rural,Y
195,LP001665,Male,Yes,1,Graduate,No,3125,170.0,360.0,1.0,Semiurban,N
196,LP001666,Male,No,0,Graduate,No,8333,187.0,360.0,1.0,Rural,Y
197,LP001669,Female,No,0,Not Graduate,No,1907,120.0,360.0,1.0,Urban,Y
198,LP001671,Female,Yes,0,Graduate,No,3416,113.0,360.0,1.0,Semiurban,Y
199,LP001673,Male,No,0,Graduate,Yes,11000,83.0,360.0,1.0,Urban,N
200,LP001674,Male,Yes,1,Not Graduate,No,2600,90.0,360.0,1.0,Semiurban,Y
201,LP001677,Male,No,2,Graduate,No,4923,166.0,360.0,0.0,Semiurban,Y
202,LP001682,Male,Yes,3+,Not Graduate,No,3992,126.0,180.0,1.0,Urban,N
203,LP001688,Male,Yes,1,Not Graduate,No,3500,135.0,360.0,1.0,Urban,Y
204,LP001691,Male,Yes,2,Not Graduate,No,3917,124.0,360.0,1.0,Semiurban,Y
205,LP001692,Female,No,0,Not Graduate,No,4408,120.0,360.0,1.0,Semiurban,Y
206,LP001693,Female,No,0,Graduate,No,3244,80.0,360.0,1.0,Urban,Y
207,LP001698,Male,No,0,Not Graduate,No,3975,55.0,360.0,1.0,Rural,Y
208,LP001699,Male,No,0,Graduate,No,2479,59.0,360.0,1.0,Urban,Y
209,LP001702,Male,No,0,Graduate,No,3418,127.0,360.0,1.0,Semiurban,N
210,LP001708,Female,No,0,Graduate,No,10000,214.0,360.0,1.0,Semiurban,N
211,LP001711,Male,Yes,3+,Graduate,No,3430,128.0,360.0,0.0,Semiurban,N
212,LP001713,Male,Yes,1,Graduate,Yes,7787,240.0,360.0,1.0,Urban,Y
213,LP001715,Male,Yes,3+,Not Graduate,Yes,5703,130.0,360.0,1.0,Rural,Y
214,LP001716,Male,Yes,0,Graduate,No,3173,137.0,360.0,1.0,Urban,Y
215,LP001720,Male,Yes,3+,Not Graduate,No,3850,100.0,360.0,1.0,Semiurban,Y
216,LP001722,Male,Yes,0,Graduate,No,150,135.0,360.0,1.0,Rural,N
217,LP001726,Male,Yes,0,Graduate,No,3727,131.0,360.0,1.0,Semiurban,Y
218,LP001732,Male,Yes,2,Graduate,No,5000,72.0,360.0,0.0,Semiurban,N
219,LP001734,Female,Yes,2,Graduate,No,4283,127.0,360.0,1.0,Semiurban,Y
220,LP001736,Male,Yes,0,Graduate,No,2221,60.0,360.0,0.0,Urban,N
221,LP001743,Male,Yes,2,Graduate,No,4009,116.0,360.0,1.0,Semiurban,Y
222,LP001744,Male,No,0,Graduate,No,2971,144.0,360.0,1.0,Semiurban,Y
223,LP001749,Male,Yes,0,Graduate,No,7578,175.0,360.0,1.0,Semiurban,Y
224,LP001750,Male,Yes,0,Graduate,No,6250,128.0,360.0,1.0,Semiurban,Y
225,LP001751,Male,Yes,0,Graduate,No,3250,170.0,360.0,1.0,Rural,N
226,LP001754,Male,Yes,0,Not Graduate,Yes,4735,138.0,360.0,1.0,Urban,N
227,LP001758,Male,Yes,2,Graduate,No,6250,210.0,360.0,1.0,Semiurban,Y
228,LP001760,Male,Yes,0,Graduate,No,4758,158.0,480.0,1.0,Semiurban,Y
229,LP001761,Male,No,0,Graduate,Yes,6400,200.0,360.0,1.0,Rural,Y
230,LP001765,Male,Yes,1,Graduate,No,2491,104.0,360.0,1.0,Semiurban,Y
231,LP001768,Male,Yes,0,Graduate,No,3716,42.0,180.0,1.0,Rural,Y
232,LP001770,Male,No,0,Not Graduate,No,3189,120.0,360.0,1.0,Rural,Y
233,LP001776,Female,No,0,Graduate,No,8333,280.0,360.0,1.0,Semiurban,Y
234,LP001778,Male,Yes,1,Graduate,No,3155,140.0,360.0,1.0,Semiurban,Y
235,LP001784,Male,Yes,1,Graduate,No,5500,170.0,360.0,1.0,Rural,Y
236,LP001786,Male,Yes,0,Graduate,No,5746,255.0,360.0,1.0,Urban,N
237,LP001788,Female,No,0,Graduate,Yes,3463,122.0,360.0,1.0,Urban,Y
238,LP001790,Female,No,1,Graduate,No,3812,112.0,360.0,1.0,Rural,Y
239,LP001792,Male,Yes,1,Graduate,No,3315,96.0,360.0,1.0,Semiurban,Y
240,LP001798,Male,Yes,2,Graduate,No,5819,120.0,360.0,1.0,Rural,Y
241,LP001800,Male,Yes,1,Not Graduate,No,2510,140.0,180.0,1.0,Urban,N
242,LP001806,Male,No,0,Graduate,No,2965,155.0,60.0,1.0,Urban,Y
243,LP001807,Male,Yes,2,Graduate,Yes,6250,108.0,360.0,1.0,Rural,Y
244,LP001811,Male,Yes,0,Not Graduate,No,3406,123.0,360.0,1.0,Semiurban,Y
245,LP001813,Male,No,0,Graduate,Yes,6050,120.0,180.0,1.0,Urban,N
246,LP001814,Male,Yes,2,Graduate,No,9703,112.0,360.0,1.0,Urban,Y
247,LP001819,Male,Yes,1,Not Graduate,No,6608,137.0,180.0,1.0,Urban,Y
248,LP001824,Male,Yes,1,Graduate,No,2882,123.0,480.0,1.0,Semiurban,Y
249,LP001825,Male,Yes,0,Graduate,No,1809,90.0,360.0,1.0,Urban,Y
250,LP001835,Male,Yes,0,Not Graduate,No,1668,201.0,360.0,0.0,Semiurban,N
251,LP001836,Female,No,2,Graduate,No,3427,138.0,360.0,1.0,Urban,N
252,LP001841,Male,No,0,Not Graduate,Yes,2583,104.0,360.0,1.0,Rural,Y
253,LP001843,Male,Yes,1,Not Graduate,No,2661,279.0,180.0,1.0,Semiurban,Y
254,LP001844,Male,No,0,Graduate,Yes,16250,192.0,360.0,0.0,Urban,N
255,LP001846,Female,No,3+,Graduate,No,3083,255.0,360.0,1.0,Rural,Y
256,LP001849,Male,No,0,Not Graduate,No,6045,115.0,360.0,0.0,Rural,N
257,LP001854,Male,Yes,3+,Graduate,No,5250,94.0,360.0,1.0,Urban,N
258,LP001859,Male,Yes,0,Graduate,No,14683,304.0,360.0,1.0,Rural,N
259,LP001864,Male,Yes,3+,Not Graduate,No,4931,128.0,360.0,1.0,Semiurban,N
260,LP001865,Male,Yes,1,Graduate,No,6083,330.0,360.0,1.0,Urban,Y
261,LP001868,Male,No,0,Graduate,No,2060,134.0,360.0,1.0,Semiurban,Y
262,LP001870,Female,No,1,Graduate,No,3481,155.0,36.0,1.0,Semiurban,N
263,LP001871,Female,No,0,Graduate,No,7200,120.0,360.0,1.0,Rural,Y
264,LP001872,Male,No,0,Graduate,Yes,5166,128.0,360.0,1.0,Semiurban,Y
265,LP001875,Male,No,0,Graduate,No,4095,151.0,360.0,1.0,Rural,Y
266,LP001877,Male,Yes,2,Graduate,No,4708,150.0,360.0,1.0,Semiurban,Y
267,LP001882,Male,Yes,3+,Graduate,No,4333,160.0,360.0,0.0,Urban,Y
268,LP001883,Female,No,0,Graduate,No,3418,135.0,360.0,1.0,Rural,N
269,LP001884,Female,No,1,Graduate,No,2876,90.0,360.0,1.0,Urban,Y
270,LP001888,Female,No,0,Graduate,No,3237,30.0,360.0,1.0,Urban,Y
271,LP001891,Male,Yes,0,Graduate,No,11146,136.0,360.0,1.0,Urban,Y
272,LP001892,Male,No,0,Graduate,No,2833,126.0,360.0,1.0,Rural,Y
273,LP001894,Male,Yes,0,Graduate,No,2620,150.0,360.0,1.0,Semiurban,Y
274,LP001896,Male,Yes,2,Graduate,No,3900,90.0,360.0,1.0,Semiurban,Y
275,LP001900,Male,Yes,1,Graduate,No,2750,115.0,360.0,1.0,Semiurban,Y
276,LP001903,Male,Yes,0,Graduate,No,3993,207.0,360.0,1.0,Semiurban,Y
277,LP001904,Male,Yes,0,Graduate,No,3103,80.0,360.0,1.0,Urban,Y
278,LP001907,Male,Yes,0,Graduate,No,14583,436.0,360.0,1.0,Semiurban,Y
279,LP001908,Female,Yes,0,Not Graduate,No,4100,124.0,360.0,1.0,Rural,Y
280,LP001910,Male,No,1,Not Graduate,Yes,4053,158.0,360.0,0.0,Urban,N
281,LP001914,Male,Yes,0,Graduate,No,3927,112.0,360.0,1.0,Semiurban,Y
282,LP001915,Male,Yes,2,Graduate,No,2301,78.0,180.0,1.0,Urban,Y
283,LP001917,Female,No,0,Graduate,No,1811,54.0,360.0,1.0,Urban,Y
284,LP001922,Male,Yes,0,Graduate,No,20667,126.0,360.0,1.0,Rural,N
285,LP001924,Male,No,0,Graduate,No,3158,89.0,360.0,1.0,Rural,Y
286,LP001925,Female,No,0,Graduate,Yes,2600,99.0,300.0,1.0,Semiurban,N
287,LP001926,Male,Yes,0,Graduate,No,3704,120.0,360.0,1.0,Rural,Y
288,LP001931,Female,No,0,Graduate,No,4124,115.0,360.0,1.0,Semiurban,Y
289,LP001935,Male,No,0,Graduate,No,9508,187.0,360.0,1.0,Rural,Y
290,LP001936,Male,Yes,0,Graduate,No,3075,139.0,360.0,1.0,Rural,Y
291,LP001938,Male,Yes,2,Graduate,No,4400,127.0,360.0,0.0,Semiurban,N
292,LP001940,Male,Yes,2,Graduate,No,3153,134.0,360.0,1.0,Urban,Y
293,LP001945,Female,No,0,Graduate,No,5417,143.0,480.0,0.0,Urban,N
294,LP001947,Male,Yes,0,Graduate,No,2383,172.0,360.0,1.0,Semiurban,Y
295,LP001949,Male,Yes,3+,Graduate,No,4416,110.0,360.0,1.0,Urban,Y
296,LP001953,Male,Yes,1,Graduate,No,6875,200.0,360.0,1.0,Semiurban,Y
297,LP001954,Female,Yes,1,Graduate,No,4666,135.0,360.0,1.0,Urban,Y
298,LP001955,Female,No,0,Graduate,No,5000,151.0,480.0,1.0,Rural,N
299,LP001963,Male,Yes,1,Graduate,No,2014,113.0,360.0,1.0,Urban,N
300,LP001964,Male,Yes,0,Not Graduate,No,1800,93.0,360.0,0.0,Urban,N
301,LP001972,Male,Yes,0,Not Graduate,No,2875,105.0,360.0,1.0,Semiurban,Y
302,LP001974,Female,No,0,Graduate,No,5000,132.0,360.0,1.0,Rural,Y
303,LP001977,Male,Yes,1,Graduate,No,1625,96.0,360.0,1.0,Urban,Y
304,LP001978,Male,No,0,Graduate,No,4000,140.0,360.0,1.0,Rural,Y
305,LP001990,Male,No,0,Not Graduate,No,2000,126.0,360.0,1.0,Urban,N
306,LP001993,Female,No,0,Graduate,No,3762,135.0,360.0,1.0,Rural,Y
307,LP001994,Female,No,0,Graduate,No,2400,104.0,360.0,0.0,Urban,N
308,LP001996,Male,No,0,Graduate,No,20233,480.0,360.0,1.0,Rural,N
309,LP001998,Male,Yes,2,Not Graduate,No,7667,185.0,360.0,1.0,Rural,Y
310,LP002002,Female,No,0,Graduate,No,2917,84.0,360.0,1.0,Semiurban,Y
311,LP002004,Male,No,0,Not Graduate,No,2927,111.0,360.0,1.0,Semiurban,Y
312,LP002006,Female,No,0,Graduate,No,2507,56.0,360.0,1.0,Rural,Y
313,LP002008,Male,Yes,2,Graduate,Yes,5746,144.0,84.0,1.0,Rural,Y
314,LP002024,Male,Yes,0,Graduate,No,2473,159.0,360.0,1.0,Rural,N
315,LP002031,Male,Yes,1,Not Graduate,No,3399,111.0,180.0,1.0,Urban,Y
316,LP002035,Male,Yes,2,Graduate,No,3717,120.0,360.0,1.0,Semiurban,Y
317,LP002036,Male,Yes,0,Graduate,No,2058,88.0,360.0,1.0,Urban,Y
318,LP002043,Female,No,1,Graduate,No,3541,112.0,360.0,1.0,Semiurban,Y
319,LP002050,Male,Yes,1,Graduate,Yes,10000,155.0,360.0,1.0,Rural,N
320,LP002051,Male,Yes,0,Graduate,No,2400,115.0,360.0,1.0,Semiurban,Y
321,LP002053,Male,Yes,3+,Graduate,No,4342,124.0,360.0,1.0,Semiurban,Y
322,LP002054,Male,Yes,2,Not Graduate,No,3601,126.0,360.0,1.0,Rural,Y
323,LP002055,Female,No,0,Graduate,No,3166,132.0,360.0,1.0,Rural,Y
324,LP002065,Male,Yes,3+,Graduate,No,15000,300.0,360.0,1.0,Rural,Y
325,LP002067,Male,Yes,1,Graduate,Yes,8666,376.0,360.0,0.0,Rural,N
326,LP002068,Male,No,0,Graduate,No,4917,130.0,360.0,0.0,Rural,Y
327,LP002082,Male,Yes,0,Graduate,Yes,5818,184.0,360.0,1.0,Semiurban,Y
328,LP002086,Female,Yes,0,Graduate,No,4333,110.0,360.0,1.0,Urban,N
329,LP002087,Female,No,0,Graduate,No,2500,67.0,360.0,1.0,Urban,Y
330,LP002097,Male,No,1,Graduate,No,4384,117.0,360.0,1.0,Urban,Y
331,LP002098,Male,No,0,Graduate,No,2935,98.0,360.0,1.0,Semiurban,Y
332,LP002100,Male,No,0,Graduate,No,2833,71.0,360.0,1.0,Urban,Y
333,LP002101,Male,Yes,0,Graduate,No,63337,490.0,180.0,1.0,Urban,Y
334,LP002103,Male,Yes,1,Graduate,Yes,9833,182.0,180.0,1.0,Urban,Y
335,LP002106,Male,Yes,0,Graduate,Yes,5503,70.0,360.0,1.0,Semiurban,Y
336,LP002110,Male,Yes,1,Graduate,No,5250,160.0,360.0,1.0,Rural,Y
337,LP002112,Male,Yes,2,Graduate,Yes,2500,176.0,360.0,1.0,Rural,Y
338,LP002113,Female,No,3+,Not Graduate,No,1830,126.0,360.0,0.0,Urban,N
339,LP002114,Female,No,0,Graduate,No,4160,71.0,360.0,1.0,Semiurban,Y
340,LP002115,Male,Yes,3+,Not Graduate,No,2647,173.0,360.0,1.0,Rural,N
341,LP002116,Female,No,0,Graduate,No,2378,46.0,360.0,1.0,Rural,N
342,LP002119,Male,Yes,1,Not Graduate,No,4554,158.0,360.0,1.0,Urban,Y
343,LP002126,Male,Yes,3+,Not Graduate,No,3173,74.0,360.0,1.0,Semiurban,Y
344,LP002128,Male,Yes,2,Graduate,No,2583,125.0,360.0,1.0,Rural,Y
345,LP002129,Male,Yes,0,Graduate,No,2499,160.0,360.0,1.0,Semiurban,Y
346,LP002130,Male,Yes,0,Not Graduate,No,3523,152.0,360.0,0.0,Rural,N
347,LP002131,Male,Yes,2,Not Graduate,No,3083,126.0,360.0,1.0,Urban,Y
348,LP002137,Male,Yes,0,Graduate,No,6333,259.0,360.0,1.0,Semiurban,Y
349,LP002138,Male,Yes,0,Graduate,No,2625,187.0,360.0,1.0,Rural,Y
350,LP002139,Male,Yes,0,Graduate,No,9083,228.0,360.0,1.0,Semiurban,Y
351,LP002140,Male,No,0,Graduate,No,8750,308.0,360.0,1.0,Rural,N
352,LP002141,Male,Yes,3+,Graduate,No,2666,95.0,360.0,1.0,Rural,Y
353,LP002142,Female,Yes,0,Graduate,Yes,5500,105.0,360.0,0.0,Rural,N
354,LP002143,Female,Yes,0,Graduate,No,2423,130.0,360.0,1.0,Semiurban,Y
355,LP002144,Female,No,0,Graduate,No,3813,116.0,180.0,1.0,Urban,Y
356,LP002149,Male,Yes,2,Graduate,No,8333,165.0,360.0,1.0,Rural,Y
357,LP002151,Male,Yes,1,Graduate,No,3875,67.0,360.0,1.0,Urban,N
358,LP002158,Male,Yes,0,Not Graduate,No,3000,100.0,480.0,0.0,Urban,N
359,LP002160,Male,Yes,3+,Graduate,No,5167,200.0,360.0,1.0,Semiurban,Y
360,LP002161,Female,No,1,Graduate,No,4723,81.0,360.0,1.0,Semiurban,N
361,LP002170,Male,Yes,2,Graduate,No,5000,236.0,360.0,1.0,Semiurban,Y
362,LP002175,Male,Yes,0,Graduate,No,4750,130.0,360.0,1.0,Urban,Y
363,LP002178,Male,Yes,0,Graduate,No,3013,95.0,300.0,1.0,Urban,Y
364,LP002180,Male,No,0,Graduate,Yes,6822,141.0,360.0,1.0,Rural,Y
365,LP002181,Male,No,0,Not Graduate,No,6216,133.0,360.0,1.0,Rural,N
366,LP002187,Male,No,0,Graduate,No,2500,96.0,480.0,1.0,Semiurban,N
367,LP002188,Male,No,0,Graduate,No,5124,124.0,360.0,0.0,Rural,N
368,LP002190,Male,Yes,1,Graduate,No,6325,175.0,360.0,1.0,Semiurban,Y
369,LP002191,Male,Yes,0,Graduate,No,19730,570.0,360.0,1.0,Rural,N
370,LP002194,Female,No,0,Graduate,Yes,15759,55.0,360.0,1.0,Semiurban,Y
371,LP002197,Male,Yes,2,Graduate,No,5185,155.0,360.0,1.0,Semiurban,Y
372,LP002201,Male,Yes,2,Graduate,Yes,9323,380.0,300.0,1.0,Rural,Y
373,LP002205,Male,No,1,Graduate,No,3062,111.0,180.0,0.0,Urban,N
374,LP002209,Female,No,0,Graduate,No,2764,110.0,360.0,1.0,Urban,Y
375,LP002211,Male,Yes,0,Graduate,No,4817,120.0,180.0,1.0,Urban,Y
376,LP002219,Male,Yes,3+,Graduate,No,8750,130.0,360.0,1.0,Rural,Y
377,LP002223,Male,Yes,0,Graduate,No,4310,130.0,360.0,1.0,Semiurban,Y
378,LP002224,Male,No,0,Graduate,No,3069,71.0,480.0,1.0,Urban,N
379,LP002225,Male,Yes,2,Graduate,No,5391,130.0,360.0,1.0,Urban,Y
380,LP002226,Male,Yes,0,Graduate,No,3333,128.0,360.0,1.0,Semiurban,Y
381,LP002229,Male,No,0,Graduate,No,5941,296.0,360.0,1.0,Semiurban,Y
382,LP002231,Female,No,0,Graduate,No,6000,156.0,360.0,1.0,Urban,Y
383,LP002234,Male,No,0,Graduate,Yes,7167,128.0,360.0,1.0,Urban,Y
384,LP002236,Male,Yes,2,Graduate,No,4566,100.0,360.0,1.0,Urban,N
385,LP002237,Male,No,1,Graduate,No,3667,113.0,180.0,1.0,Urban,Y
386,LP002239,Male,No,0,Not Graduate,No,2346,132.0,360.0,1.0,Semiurban,Y
387,LP002243,Male,Yes,0,Not Graduate,No,3010,126.0,360.0,0.0,Urban,N
388,LP002244,Male,Yes,0,Graduate,No,2333,136.0,360.0,1.0,Urban,Y
389,LP002250,Male,Yes,0,Graduate,No,5488,125.0,360.0,1.0,Rural,Y
390,LP002255,Male,No,3+,Graduate,No,9167,185.0,360.0,1.0,Rural,Y
391,LP002262,Male,Yes,3+,Graduate,No,9504,275.0,360.0,1.0,Rural,Y
392,LP002263,Male,Yes,0,Graduate,No,2583,120.0,360.0,1.0,Urban,Y
393,LP002265,Male,Yes,2,Not Graduate,No,1993,113.0,180.0,1.0,Semiurban,Y
394,LP002266,Male,Yes,2,Graduate,No,3100,113.0,360.0,1.0,Urban,Y
395,LP002272,Male,Yes,2,Graduate,No,3276,135.0,360.0,1.0,Semiurban,Y
396,LP002277,Female,No,0,Graduate,No,3180,71.0,360.0,0.0,Urban,N
397,LP002281,Male,Yes,0,Graduate,No,3033,95.0,360.0,1.0,Urban,Y
398,LP002284,Male,No,0,Not Graduate,No,3902,109.0,360.0,1.0,Rural,Y
399,LP002287,Female,No,0,Graduate,No,1500,103.0,360.0,0.0,Semiurban,N
400,LP002288,Male,Yes,2,Not Graduate,No,2889,45.0,180.0,0.0,Urban,N
401,LP002296,Male,No,0,Not Graduate,No,2755,65.0,300.0,1.0,Rural,N
402,LP002297,Male,No,0,Graduate,No,2500,103.0,360.0,1.0,Semiurban,Y
403,LP002300,Female,No,0,Not Graduate,No,1963,53.0,360.0,1.0,Semiurban,Y
404,LP002301,Female,No,0,Graduate,Yes,7441,194.0,360.0,1.0,Rural,N
405,LP002305,Female,No,0,Graduate,No,4547,115.0,360.0,1.0,Semiurban,Y
406,LP002308,Male,Yes,0,Not Graduate,No,2167,115.0,360.0,1.0,Urban,Y
407,LP002314,Female,No,0,Not Graduate,No,2213,66.0,360.0,1.0,Rural,Y
408,LP002315,Male,Yes,1,Graduate,No,8300,152.0,300.0,0.0,Semiurban,N
409,LP002317,Male,Yes,3+,Graduate,No,81000,360.0,360.0,0.0,Rural,N
410,LP002318,Female,No,1,Not Graduate,Yes,3867,62.0,360.0,1.0,Semiurban,N
411,LP002319,Male,Yes,0,Graduate,No,6256,160.0,360.0,1.0,Urban,Y
412,LP002328,Male,Yes,0,Not Graduate,No,6096,218.0,360.0,0.0,Rural,N
413,LP002332,Male,Yes,0,Not Graduate,No,2253,110.0,360.0,1.0,Rural,Y
414,LP002335,Female,Yes,0,Not Graduate,No,2149,178.0,360.0,0.0,Semiurban,N
415,LP002337,Female,No,0,Graduate,No,2995,60.0,360.0,1.0,Urban,Y
416,LP002341,Female,No,1,Graduate,No,2600,160.0,360.0,1.0,Urban,N
417,LP002342,Male,Yes,2,Graduate,Yes,1600,239.0,360.0,1.0,Urban,N
418,LP002345,Male,Yes,0,Graduate,No,1025,112.0,360.0,1.0,Rural,Y
419,LP002347,Male,Yes,0,Graduate,No,3246,138.0,360.0,1.0,Semiurban,Y
420,LP002348,Male,Yes,0,Graduate,No,5829,138.0,360.0,1.0,Rural,Y
421,LP002357,Female,No,0,Not Graduate,No,2720,80.0,360.0,0.0,Urban,N
422,LP002361,Male,Yes,0,Graduate,No,1820,100.0,360.0,1.0,Urban,Y
423,LP002362,Male,Yes,1,Graduate,No,7250,110.0,360.0,0.0,Urban,N
424,LP002364,Male,Yes,0,Graduate,No,14880,96.0,360.0,1.0,Semiurban,Y
425,LP002366,Male,Yes,0,Graduate,No,2666,121.0,360.0,1.0,Rural,Y
426,LP002367,Female,No,1,Not Graduate,No,4606,81.0,360.0,1.0,Rural,N
427,LP002368,Male,Yes,2,Graduate,No,5935,133.0,360.0,1.0,Semiurban,Y
428,LP002369,Male,Yes,0,Graduate,No,2920,87.0,360.0,1.0,Rural,Y
429,LP002370,Male,No,0,Not Graduate,No,2717,60.0,180.0,1.0,Urban,Y
430,LP002377,Female,No,1,Graduate,Yes,8624,150.0,360.0,1.0,Semiurban,Y
431,LP002379,Male,No,0,Graduate,No,6500,105.0,360.0,0.0,Rural,N
432,LP002386,Male,No,0,Graduate,No,12876,405.0,360.0,1.0,Semiurban,Y
433,LP002387,Male,Yes,0,Graduate,No,2425,143.0,360.0,1.0,Semiurban,Y
434,LP002390,Male,No,0,Graduate,No,3750,100.0,360.0,1.0,Urban,Y
435,LP002393,Female,Yes,0,Graduate,No,10047,126.0,240.0,1.0,Semiurban,Y
436,LP002398,Male,No,0,Graduate,No,1926,50.0,360.0,1.0,Semiurban,Y
437,LP002401,Male,Yes,0,Graduate,No,2213,126.0,360.0,1.0,Urban,Y
438,LP002403,Male,No,0,Graduate,Yes,10416,187.0,360.0,0.0,Urban,N
439,LP002407,Female,Yes,0,Not Graduate,Yes,7142,138.0,360.0,1.0,Rural,Y
440,LP002408,Male,No,0,Graduate,No,3660,187.0,360.0,1.0,Semiurban,Y
441,LP002409,Male,Yes,0,Graduate,No,7901,180.0,360.0,1.0,Rural,Y
442,LP002418,Male,No,3+,Not Graduate,No,4707,148.0,360.0,1.0,Semiurban,Y
443,LP002422,Male,No,1,Graduate,No,37719,152.0,360.0,1.0,Semiurban,Y
444,LP002424,Male,Yes,0,Graduate,No,7333,175.0,300.0,1.0,Rural,Y
445,LP002429,Male,Yes,1,Graduate,Yes,3466,130.0,360.0,1.0,Rural,Y
446,LP002434,Male,Yes,2,Not Graduate,No,4652,110.0,360.0,1.0,Rural,Y
447,LP002435,Male,Yes,0,Graduate,No,3539,55.0,360.0,1.0,Rural,N
448,LP002443,Male,Yes,2,Graduate,No,3340,150.0,360.0,0.0,Rural,N
449,LP002444,Male,No,1,Not Graduate,Yes,2769,190.0,360.0,1.0,Semiurban,N
450,LP002446,Male,Yes,2,Not Graduate,No,2309,125.0,360.0,0.0,Rural,N
451,LP002447,Male,Yes,2,Not Graduate,No,1958,60.0,300.0,1.0,Urban,Y
452,LP002448,Male,Yes,0,Graduate,No,3948,149.0,360.0,0.0,Rural,N
453,LP002449,Male,Yes,0,Graduate,No,2483,90.0,180.0,0.0,Rural,Y
454,LP002453,Male,No,0,Graduate,Yes,7085,84.0,360.0,1.0,Semiurban,Y
455,LP002455,Male,Yes,2,Graduate,No,3859,96.0,360.0,1.0,Semiurban,Y
456,LP002459,Male,Yes,0,Graduate,No,4301,118.0,360.0,1.0,Urban,Y
457,LP002467,Male,Yes,0,Graduate,No,3708,173.0,360.0,1.0,Urban,N
458,LP002472,Male,No,2,Graduate,No,4354,136.0,360.0,1.0,Rural,Y
459,LP002473,Male,Yes,0,Graduate,No,8334,160.0,360.0,1.0,Semiurban,N
460,LP002478,Male,Yes,0,Graduate,Yes,2083,160.0,360.0,1.0,Semiurban,Y
461,LP002484,Male,Yes,3+,Graduate,No,7740,128.0,180.0,1.0,Urban,Y
462,LP002487,Male,Yes,0,Graduate,No,3015,153.0,360.0,1.0,Rural,Y
463,LP002489,Female,No,1,Not Graduate,No,5191,132.0,360.0,1.0,Semiurban,Y
464,LP002493,Male,No,0,Graduate,No,4166,98.0,360.0,0.0,Semiurban,N
465,LP002494,Male,No,0,Graduate,No,6000,140.0,360.0,1.0,Rural,Y
466,LP002500,Male,Yes,3+,Not Graduate,No,2947,70.0,180.0,0.0,Urban,N
467,LP002501,Male,Yes,0,Graduate,No,16692,110.0,360.0,1.0,Semiurban,Y
468,LP002502,Female,Yes,2,Not Graduate,No,210,98.0,360.0,1.0,Semiurban,Y
469,LP002505,Male,Yes,0,Graduate,No,4333,110.0,360.0,1.0,Urban,N
470,LP002515,Male,Yes,1,Graduate,Yes,3450,162.0,360.0,1.0,Semiurban,Y
471,LP002517,Male,Yes,1,Not Graduate,No,2653,113.0,180.0,0.0,Rural,N
472,LP002519,Male,Yes,3+,Graduate,No,4691,100.0,360.0,1.0,Semiurban,Y
473,LP002522,Female,No,0,Graduate,Yes,2500,93.0,360.0,1.0,Urban,Y
474,LP002524,Male,No,2,Graduate,No,5532,162.0,360.0,1.0,Rural,Y
475,LP002527,Male,Yes,2,Graduate,Yes,16525,150.0,360.0,1.0,Rural,Y
476,LP002529,Male,Yes,2,Graduate,No,6700,230.0,300.0,1.0,Semiurban,Y
477,LP002530,Male,Yes,2,Graduate,No,2873,132.0,360.0,0.0,Semiurban,N
478,LP002531,Male,Yes,1,Graduate,Yes,16667,86.0,360.0,1.0,Semiurban,Y
479,LP002533,Male,Yes,2,Graduate,No,2947,126.0,360.0,1.0,Urban,N
480,LP002534,Female,No,0,Not Graduate,No,4350,154.0,360.0,1.0,Rural,Y
481,LP002536,Male,Yes,3+,Not Graduate,No,3095,113.0,360.0,1.0,Rural,Y
482,LP002537,Male,Yes,0,Graduate,No,2083,128.0,360.0,1.0,Semiurban,Y
483,LP002541,Male,Yes,0,Graduate,No,10833,234.0,360.0,1.0,Semiurban,Y
484,LP002543,Male,Yes,2,Graduate,No,8333,246.0,360.0,1.0,Semiurban,Y
485,LP002544,Male,Yes,1,Not Graduate,No,1958,131.0,360.0,1.0,Rural,Y
486,LP002545,Male,No,2,Graduate,No,3547,80.0,360.0,0.0,Rural,N
487,LP002547,Male,Yes,1,Graduate,No,18333,500.0,360.0,1.0,Urban,N
488,LP002555,Male,Yes,2,Graduate,Yes,4583,160.0,360.0,1.0,Semiurban,Y
489,LP002556,Male,No,0,Graduate,No,2435,75.0,360.0,1.0,Urban,N
490,LP002560,Male,No,0,Not Graduate,No,2699,96.0,360.0,1.0,Semiurban,Y
491,LP002562,Male,Yes,1,Not Graduate,No,5333,186.0,360.0,1.0,Urban,Y
492,LP002571,Male,No,0,Not Graduate,No,3691,110.0,360.0,1.0,Rural,Y
493,LP002582,Female,No,0,Not Graduate,Yes,17263,225.0,360.0,1.0,Semiurban,Y
494,LP002585,Male,Yes,0,Graduate,No,3597,119.0,360.0,0.0,Rural,N
495,LP002586,Female,Yes,1,Graduate,No,3326,105.0,84.0,1.0,Semiurban,Y
496,LP002587,Male,Yes,0,Not Graduate,No,2600,107.0,360.0,1.0,Rural,Y
497,LP002588,Male,Yes,0,Graduate,No,4625,111.0,12.0,1.0,Urban,Y
498,LP002600,Male,Yes,1,Graduate,Yes,2895,95.0,360.0,1.0,Semiurban,Y
499,LP002602,Male,No,0,Graduate,No,6283,209.0,360.0,0.0,Rural,N
500,LP002603,Female,No,0,Graduate,No,645,113.0,480.0,1.0,Rural,Y
501,LP002606,Female,No,0,Graduate,No,3159,100.0,360.0,1.0,Semiurban,Y
502,LP002615,Male,Yes,2,Graduate,No,4865,208.0,360.0,1.0,Semiurban,Y
503,LP002618,Male,Yes,1,Not Graduate,No,4050,138.0,360.0,1.0,Rural,N
504,LP002619,Male,Yes,0,Not Graduate,No,3814,124.0,300.0,1.0,Semiurban,Y
505,LP002622,Male,Yes,2,Graduate,No,3510,243.0,360.0,1.0,Rural,Y
506,LP002624,Male,Yes,0,Graduate,No,20833,480.0,360.0,1.0,Urban,Y
507,LP002625,Male,No,0,Graduate,No,3583,96.0,360.0,1.0,Urban,N
508,LP002626,Male,Yes,0,Graduate,Yes,2479,188.0,360.0,1.0,Urban,Y
509,LP002634,Female,No,1,Graduate,No,13262,40.0,360.0,1.0,Urban,Y
510,LP002637,Male,No,0,Not Graduate,No,3598,100.0,360.0,1.0,Rural,N
511,LP002640,Male,Yes,1,Graduate,No,6065,250.0,360.0,1.0,Semiurban,Y
512,LP002643,Male,Yes,2,Graduate,No,3283,148.0,360.0,1.0,Urban,Y
513,LP002648,Male,Yes,0,Graduate,No,2130,70.0,180.0,1.0,Semiurban,N
514,LP002652,Male,No,0,Graduate,No,5815,311.0,360.0,1.0,Rural,N
515,LP002659,Male,Yes,3+,Graduate,No,3466,150.0,360.0,1.0,Rural,Y
516,LP002670,Female,Yes,2,Graduate,No,2031,113.0,480.0,1.0,Semiurban,Y
517,LP002682,Male,Yes,0,Not Graduate,No,3074,123.0,360.0,0.0,Semiurban,N
518,LP002683,Male,No,0,Graduate,No,4683,185.0,360.0,1.0,Semiurban,N
519,LP002684,Female,No,0,Not Graduate,No,3400,95.0,360.0,1.0,Rural,N
520,LP002689,Male,Yes,2,Not Graduate,No,2192,45.0,360.0,1.0,Semiurban,Y
521,LP002690,Male,No,0,Graduate,No,2500,55.0,360.0,1.0,Semiurban,Y
522,LP002692,Male,Yes,3+,Graduate,Yes,5677,100.0,360.0,1.0,Rural,Y
523,LP002693,Male,Yes,2,Graduate,Yes,7948,480.0,360.0,1.0,Rural,Y
524,LP002697,Male,No,0,Graduate,No,4680,126.0,360.0,1.0,Semiurban,N
525,LP002699,Male,Yes,2,Graduate,Yes,17500,400.0,360.0,1.0,Rural,Y
526,LP002705,Male,Yes,0,Graduate,No,3775,110.0,360.0,1.0,Semiurban,Y
527,LP002706,Male,Yes,1,Not Graduate,No,5285,161.0,360.0,0.0,Semiurban,Y
528,LP002714,Male,No,1,Not Graduate,No,2679,94.0,360.0,1.0,Semiurban,Y
529,LP002716,Male,No,0,Not Graduate,No,6783,130.0,360.0,1.0,Semiurban,Y
530,LP002717,Male,Yes,0,Graduate,No,1025,216.0,360.0,1.0,Rural,Y
531,LP002720,Male,Yes,3+,Graduate,No,4281,100.0,360.0,1.0,Urban,Y
532,LP002723,Male,No,2,Graduate,No,3588,110.0,360.0,0.0,Rural,N
533,LP002729,Male,No,1,Graduate,No,11250,196.0,360.0,1.0,Semiurban,N
534,LP002731,Female,No,0,Not Graduate,Yes,18165,125.0,360.0,1.0,Urban,Y
535,LP002732,Male,No,0,Not Graduate,No,2550,126.0,360.0,1.0,Rural,Y
536,LP002734,Male,Yes,0,Graduate,No,6133,324.0,360.0,1.0,Urban,Y
537,LP002738,Male,No,2,Graduate,No,3617,107.0,360.0,1.0,Semiurban,Y
538,LP002739,Male,Yes,0,Not Graduate,No,2917,66.0,360.0,1.0,Rural,N
539,LP002740,Male,Yes,3+,Graduate,No,6417,157.0,180.0,1.0,Rural,Y
540,LP002741,Female,Yes,1,Graduate,No,4608,140.0,180.0,1.0,Semiurban,Y
541,LP002743,Female,No,0,Graduate,No,2138,99.0,360.0,0.0,Semiurban,N
542,LP002753,Female,No,1,Graduate,No,3652,95.0,360.0,1.0,Semiurban,Y
543,LP002755,Male,Yes,1,Not Graduate,No,2239,128.0,360.0,1.0,Urban,Y
544,LP002757,Female,Yes,0,Not Graduate,No,3017,102.0,360.0,1.0,Semiurban,Y
545,LP002767,Male,Yes,0,Graduate,No,2768,155.0,360.0,1.0,Rural,Y
546,LP002768,Male,No,0,Not Graduate,No,3358,80.0,36.0,1.0,Semiurban,N
547,LP002772,Male,No,0,Graduate,No,2526,145.0,360.0,1.0,Rural,Y
548,LP002776,Female,No,0,Graduate,No,5000,103.0,360.0,0.0,Semiurban,N
549,LP002777,Male,Yes,0,Graduate,No,2785,110.0,360.0,1.0,Rural,Y
550,LP002778,Male,Yes,2,Graduate,Yes,6633,126.0,360.0,0.0,Rural,N
551,LP002784,Male,Yes,1,Not Graduate,No,2492,126.0,360.0,1.0,Rural,Y
552,LP002785,Male,Yes,1,Graduate,No,3333,158.0,360.0,1.0,Urban,Y
553,LP002788,Male,Yes,0,Not Graduate,No,2454,181.0,360.0,0.0,Urban,N
554,LP002789,Male,Yes,0,Graduate,No,3593,132.0,180.0,0.0,Rural,N
555,LP002792,Male,Yes,1,Graduate,No,5468,26.0,360.0,1.0,Semiurban,Y
556,LP002794,Female,No,0,Graduate,No,2667,84.0,360.0,1.0,Urban,Y
557,LP002795,Male,Yes,3+,Graduate,Yes,10139,260.0,360.0,1.0,Semiurban,Y
558,LP002798,Male,Yes,0,Graduate,No,3887,162.0,360.0,1.0,Semiurban,Y
559,LP002804,Female,Yes,0,Graduate,No,4180,182.0,360.0,1.0,Semiurban,Y
560,LP002807,Male,Yes,2,Not Graduate,No,3675,108.0,360.0,1.0,Semiurban,Y
561,LP002813,Female,Yes,1,Graduate,Yes,19484,600.0,360.0,1.0,Semiurban,Y
562,LP002820,Male,Yes,0,Graduate,No,5923,211.0,360.0,1.0,Rural,Y
563,LP002821,Male,No,0,Not Graduate,Yes,5800,132.0,360.0,1.0,Semiurban,Y
564,LP002832,Male,Yes,2,Graduate,No,8799,258.0,360.0,0.0,Urban,N
565,LP002833,Male,Yes,0,Not Graduate,No,4467,120.0,360.0,1.0,Rural,Y
566,LP002836,Male,No,0,Graduate,No,3333,70.0,360.0,1.0,Urban,Y
567,LP002837,Male,Yes,3+,Graduate,No,3400,123.0,360.0,0.0,Rural,N
568,LP002840,Female,No,0,Graduate,No,2378,9.0,360.0,1.0,Urban,N
569,LP002841,Male,Yes,0,Graduate,No,3166,104.0,360.0,0.0,Urban,N
570,LP002842,Male,Yes,1,Graduate,No,3417,186.0,360.0,1.0,Urban,Y
571,LP002847,Male,Yes,0,Graduate,No,5116,165.0,360.0,0.0,Urban,N
572,LP002855,Male,Yes,2,Graduate,No,16666,275.0,360.0,1.0,Urban,Y
573,LP002862,Male,Yes,2,Not Graduate,No,6125,187.0,480.0,1.0,Semiurban,N
574,LP002863,Male,Yes,3+,Graduate,No,6406,150.0,360.0,1.0,Semiurban,N
575,LP002868,Male,Yes,2,Graduate,No,3159,108.0,84.0,1.0,Urban,Y
576,LP002872,Male,Yes,0,Graduate,No,3087,136.0,360.0,0.0,Semiurban,N
577,LP002874,Male,No,0,Graduate,No,3229,110.0,360.0,1.0,Urban,Y
578,LP002877,Male,Yes,1,Graduate,No,1782,107.0,360.0,1.0,Rural,Y
579,LP002888,Male,No,0,Graduate,No,3182,161.0,360.0,1.0,Urban,Y
580,LP002892,Male,Yes,2,Graduate,No,6540,205.0,360.0,1.0,Semiurban,Y
581,LP002893,Male,No,0,Graduate,No,1836,90.0,360.0,1.0,Urban,N
582,LP002894,Female,Yes,0,Graduate,No,3166,36.0,360.0,1.0,Semiurban,Y
583,LP002898,Male,Yes,1,Graduate,No,1880,61.0,360.0,1.0,Rural,N
584,LP002911,Male,Yes,1,Graduate,No,2787,146.0,360.0,0.0,Rural,N
585,LP002912,Male,Yes,1,Graduate,No,4283,172.0,84.0,1.0,Rural,N
586,LP002916,Male,Yes,0,Graduate,No,2297,104.0,360.0,1.0,Urban,Y
587,LP002917,Female,No,0,Not Graduate,No,2165,70.0,360.0,1.0,Semiurban,Y
588,LP002925,Male,No,0,Graduate,No,4750,94.0,360.0,1.0,Semiurban,Y
589,LP002926,Male,Yes,2,Graduate,Yes,2726,106.0,360.0,0.0,Semiurban,N
590,LP002928,Male,Yes,0,Graduate,No,3000,56.0,180.0,1.0,Semiurban,Y
591,LP002931,Male,Yes,2,Graduate,Yes,6000,205.0,240.0,1.0,Semiurban,N
592,LP002933,Male,No,3+,Graduate,Yes,9357,292.0,360.0,1.0,Semiurban,Y
593,LP002936,Male,Yes,0,Graduate,No,3859,142.0,180.0,1.0,Rural,Y
594,LP002938,Male,Yes,0,Graduate,Yes,16120,260.0,360.0,1.0,Urban,Y
595,LP002940,Male,No,0,Not Graduate,No,3833,110.0,360.0,1.0,Rural,Y
596,LP002941,Male,Yes,2,Not Graduate,Yes,6383,187.0,360.0,1.0,Rural,N
597,LP002943,Male,No,0,Graduate,No,2987,88.0,360.0,0.0,Semiurban,N
598,LP002945,Male,Yes,0,Graduate,Yes,9963,180.0,360.0,1.0,Rural,Y
599,LP002948,Male,Yes,2,Graduate,No,5780,192.0,360.0,1.0,Urban,Y
600,LP002949,Female,No,3+,Graduate,No,416,350.0,180.0,1.0,Urban,N
601,LP002950,Male,Yes,0,Not Graduate,No,2894,155.0,360.0,1.0,Rural,Y
602,LP002953,Male,Yes,3+,Graduate,No,5703,128.0,360.0,1.0,Urban,Y
603,LP002958,Male,No,0,Graduate,No,3676,172.0,360.0,1.0,Rural,Y
604,LP002959,Female,Yes,1,Graduate,No,12000,496.0,360.0,1.0,Semiurban,Y
605,LP002960,Male,Yes,0,Not Graduate,No,2400,126.0,180.0,1.0,Urban,N
606,LP002961,Male,Yes,1,Graduate,No,3400,173.0,360.0,1.0,Semiurban,Y
607,LP002964,Male,Yes,2,Not Graduate,No,3987,157.0,360.0,1.0,Rural,Y
608,LP002974,Male,Yes,0,Graduate,No,3232,108.0,360.0,1.0,Rural,Y
609,LP002978,Female,No,0,Graduate,No,2900,71.0,360.0,1.0,Rural,Y
610,LP002979,Male,Yes,3+,Graduate,No,4106,40.0,180.0,1.0,Rural,Y
611,LP002983,Male,Yes,1,Graduate,No,8072,253.0,360.0,1.0,Urban,Y
612,LP002984,Male,Yes,2,Graduate,No,7583,187.0,360.0,1.0,Urban,Y
613,LP002990,Female,No,0,Graduate,Yes,4583,133.0,360.0,0.0,Semiurban,N
614,LP001015,Male,Yes,0,Graduate,No,5720,110.0,360.0,1.0,Urban,Y
615,LP001022,Male,Yes,1,Graduate,No,3076,126.0,360.0,1.0,Urban,Y
616,LP001031,Male,Yes,2,Graduate,No,5000,208.0,360.0,1.0,Urban,Y
617,LP001035,Male,Yes,2,Graduate,No,2340,100.0,360.0,1.0,Urban,Y
618,LP001051,Male,No,0,Not Graduate,No,3276,78.0,360.0,1.0,Urban,Y
619,LP001054,Male,Yes,0,Not Graduate,Yes,2165,152.0,360.0,1.0,Urban,Y
620,LP001055,Female,No,1,Not Graduate,No,2226,59.0,360.0,1.0,Semiurban,Y
621,LP001056,Male,Yes,2,Not Graduate,No,3881,147.0,360.0,0.0,Rural,Y
622,LP001059,Male,Yes,2,Graduate,No,13633,280.0,240.0,1.0,Urban,Y
623,LP001067,Male,No,0,Not Graduate,No,2400,123.0,360.0,1.0,Semiurban,Y
624,LP001078,Male,No,0,Not Graduate,No,3091,90.0,360.0,1.0,Urban,Y
625,LP001082,Male,Yes,1,Graduate,No,2185,162.0,360.0,1.0,Semiurban,Y
626,LP001083,Male,No,3+,Graduate,No,4166,40.0,180.0,1.0,Urban,Y
627,LP001094,Male,Yes,2,Graduate,No,12173,166.0,360.0,0.0,Semiurban,Y
628,LP001096,Female,No,0,Graduate,No,4666,124.0,360.0,1.0,Semiurban,Y
629,LP001099,Male,No,1,Graduate,No,5667,131.0,360.0,1.0,Urban,Y
630,LP001105,Male,Yes,2,Graduate,No,4583,200.0,360.0,1.0,Urban,Y
631,LP001107,Male,Yes,3+,Graduate,No,3786,126.0,360.0,1.0,Semiurban,Y
632,LP001108,Male,Yes,0,Graduate,No,9226,300.0,360.0,1.0,Urban,Y
633,LP001115,Male,No,0,Graduate,No,1300,100.0,180.0,1.0,Semiurban,Y
634,LP001121,Male,Yes,1,Not Graduate,No,1888,48.0,360.0,1.0,Urban,Y
635,LP001124,Female,No,3+,Not Graduate,No,2083,28.0,180.0,1.0,Urban,Y
636,LP001128,Male,No,0,Graduate,No,3909,101.0,360.0,1.0,Urban,Y
637,LP001135,Female,No,0,Not Graduate,No,3765,125.0,360.0,1.0,Urban,Y
638,LP001149,Male,Yes,0,Graduate,No,5400,290.0,360.0,1.0,Urban,Y
639,LP001153,Male,No,0,Graduate,No,0,148.0,360.0,0.0,Rural,Y
640,LP001163,Male,Yes,2,Graduate,No,4363,140.0,360.0,1.0,Urban,Y
641,LP001169,Male,Yes,0,Graduate,No,7500,275.0,360.0,1.0,Urban,Y
642,LP001174,Male,Yes,0,Graduate,No,3772,57.0,360.0,1.0,Semiurban,Y
643,LP001176,Male,No,0,Graduate,No,2942,125.0,180.0,1.0,Urban,Y
644,LP001177,Female,No,0,Not Graduate,No,2478,75.0,360.0,1.0,Semiurban,Y
645,LP001183,Male,Yes,2,Graduate,No,6250,192.0,360.0,1.0,Urban,Y
646,LP001185,Male,No,0,Graduate,No,3268,152.0,360.0,1.0,Semiurban,Y
647,LP001187,Male,Yes,0,Graduate,No,2783,158.0,360.0,1.0,Urban,Y
648,LP001190,Male,Yes,0,Graduate,No,2740,101.0,360.0,1.0,Urban,Y
649,LP001203,Male,No,0,Graduate,No,3150,176.0,360.0,0.0,Semiurban,Y
650,LP001208,Male,Yes,2,Graduate,No,7350,185.0,180.0,1.0,Urban,Y
651,LP001210,Male,Yes,0,Graduate,Yes,2267,90.0,360.0,1.0,Urban,Y
652,LP001211,Male,No,0,Graduate,Yes,5833,116.0,360.0,1.0,Urban,Y
653,LP001219,Male,No,0,Graduate,No,3643,138.0,360.0,1.0,Urban,Y
654,LP001220,Male,Yes,0,Graduate,No,5629,100.0,360.0,1.0,Urban,Y
655,LP001221,Female,No,0,Graduate,No,3644,110.0,360.0,1.0,Urban,Y
656,LP001226,Male,Yes,0,Not Graduate,No,1750,90.0,360.0,1.0,Semiurban,Y
657,LP001230,Male,No,0,Graduate,No,6500,200.0,360.0,1.0,Semiurban,Y
658,LP001231,Female,No,0,Graduate,No,3666,84.0,360.0,1.0,Urban,Y
659,LP001232,Male,Yes,0,Graduate,No,4260,185.0,360.0,1.0,Urban,Y
660,LP001237,Male,Yes,0,Not Graduate,No,4163,162.0,360.0,1.0,Urban,Y
661,LP001242,Male,No,0,Not Graduate,No,2356,108.0,360.0,1.0,Semiurban,Y
662,LP001268,Male,No,0,Graduate,No,6792,187.0,360.0,1.0,Urban,Y
663,LP001270,Male,Yes,3+,Not Graduate,Yes,8000,187.0,360.0,1.0,Semiurban,Y
664,LP001284,Male,Yes,1,Graduate,No,2419,124.0,360.0,1.0,Urban,Y
665,LP001287,Male,Yes,3+,Not Graduate,No,3500,120.0,360.0,1.0,Semiurban,Y
666,LP001291,Male,Yes,1,Graduate,No,3500,160.0,360.0,1.0,Semiurban,Y
667,LP001298,Male,Yes,2,Graduate,No,4116,30.0,180.0,1.0,Urban,Y
668,LP001312,Male,Yes,0,Not Graduate,Yes,5293,92.0,360.0,1.0,Urban,Y
669,LP001313,Male,No,0,Graduate,No,2750,130.0,360.0,0.0,Urban,Y
670,LP001317,Female,No,0,Not Graduate,No,4402,130.0,360.0,1.0,Rural,Y
671,LP001321,Male,Yes,2,Graduate,No,3613,134.0,180.0,1.0,Semiurban,Y
672,LP001323,Female,Yes,2,Graduate,No,2779,176.0,360.0,0.0,Semiurban,Y
673,LP001324,Male,Yes,3+,Graduate,No,4720,90.0,180.0,1.0,Semiurban,Y
674,LP001332,Male,Yes,0,Not Graduate,No,2415,110.0,360.0,1.0,Semiurban,Y
675,LP001335,Male,Yes,0,Graduate,Yes,7016,125.0,360.0,1.0,Urban,Y
676,LP001338,Female,No,2,Graduate,No,4968,189.0,360.0,1.0,Semiurban,Y
677,LP001347,Female,No,0,Graduate,No,2101,108.0,360.0,0.0,Rural,Y
678,LP001348,Male,Yes,3+,Not Graduate,No,4490,125.0,360.0,1.0,Urban,Y
679,LP001351,Male,Yes,0,Graduate,No,2917,138.0,360.0,1.0,Semiurban,Y
680,LP001352,Male,Yes,0,Not Graduate,No,4700,135.0,360.0,0.0,Semiurban,Y
681,LP001358,Male,Yes,0,Graduate,No,3445,130.0,360.0,0.0,Semiurban,Y
682,LP001359,Male,Yes,0,Graduate,No,7666,187.0,360.0,1.0,Semiurban,Y
683,LP001361,Male,Yes,0,Graduate,No,2458,188.0,360.0,0.0,Rural,Y
684,LP001366,Female,No,0,Graduate,No,3250,95.0,360.0,1.0,Semiurban,Y
685,LP001368,Male,No,0,Graduate,No,4463,65.0,360.0,1.0,Semiurban,Y
686,LP001375,Male,Yes,1,Graduate,No,4083,139.0,60.0,1.0,Urban,Y
687,LP001380,Male,Yes,0,Graduate,Yes,3900,232.0,360.0,1.0,Rural,Y
688,LP001386,Male,Yes,0,Not Graduate,No,4750,144.0,360.0,1.0,Semiurban,Y
689,LP001400,Male,No,0,Graduate,No,3583,155.0,360.0,1.0,Urban,Y
690,LP001407,Male,Yes,0,Graduate,No,3189,186.0,360.0,1.0,Urban,Y
691,LP001413,Male,No,0,Graduate,Yes,6356,50.0,360.0,1.0,Rural,Y
692,LP001415,Male,Yes,1,Graduate,No,3413,126.0,360.0,1.0,Semiurban,Y
693,LP001419,Female,Yes,0,Graduate,No,7950,185.0,360.0,1.0,Urban,Y
694,LP001420,Male,Yes,3+,Graduate,No,3829,163.0,360.0,0.0,Urban,Y
695,LP001428,Male,Yes,3+,Graduate,No,72529,360.0,360.0,1.0,Urban,Y
696,LP001445,Male,Yes,2,Not Graduate,No,4136,149.0,480.0,0.0,Rural,Y
697,LP001446,Male,Yes,0,Graduate,No,8449,257.0,360.0,1.0,Rural,Y
698,LP001450,Male,Yes,0,Graduate,No,4456,131.0,180.0,0.0,Semiurban,Y
699,LP001452,Male,Yes,2,Graduate,No,4635,102.0,180.0,1.0,Rural,Y
700,LP001455,Male,Yes,0,Graduate,No,3571,135.0,360.0,1.0,Urban,Y
701,LP001466,Male,No,0,Graduate,No,3066,95.0,360.0,1.0,Semiurban,Y
702,LP001471,Male,No,2,Not Graduate,No,3235,77.0,360.0,1.0,Semiurban,Y
703,LP001472,Female,No,0,Graduate,No,5058,200.0,360.0,1.0,Rural,Y
704,LP001475,Male,Yes,0,Graduate,Yes,3188,130.0,360.0,1.0,Rural,Y
705,LP001483,Male,Yes,3+,Graduate,No,13518,390.0,360.0,1.0,Rural,Y
706,LP001486,Male,Yes,1,Graduate,No,4364,185.0,360.0,1.0,Semiurban,Y
707,LP001490,Male,Yes,2,Not Graduate,No,4766,100.0,360.0,1.0,Semiurban,Y
708,LP001496,Male,Yes,1,Graduate,No,4609,123.0,360.0,0.0,Semiurban,Y
709,LP001499,Female,Yes,3+,Graduate,No,6260,110.0,360.0,1.0,Semiurban,Y
710,LP001500,Male,Yes,1,Graduate,No,3333,256.0,360.0,1.0,Urban,Y
711,LP001501,Male,Yes,0,Graduate,No,3500,140.0,360.0,1.0,Semiurban,Y
712,LP001517,Male,Yes,3+,Graduate,No,9719,61.0,360.0,1.0,Urban,Y
713,LP001527,Male,Yes,3+,Graduate,No,6835,188.0,360.0,1.0,Semiurban,Y
714,LP001534,Male,No,0,Graduate,No,4452,131.0,360.0,1.0,Rural,Y
715,LP001542,Female,Yes,0,Graduate,No,2262,126.0,480.0,0.0,Semiurban,Y
716,LP001547,Male,Yes,1,Graduate,No,3901,116.0,360.0,1.0,Urban,Y
717,LP001548,Male,Yes,2,Not Graduate,No,2687,50.0,180.0,1.0,Rural,Y
718,LP001558,Male,No,0,Graduate,No,2243,107.0,360.0,1.0,Semiurban,Y
719,LP001561,Female,Yes,0,Graduate,No,3417,200.0,360.0,1.0,Semiurban,Y
720,LP001563,Male,No,0,Graduate,No,1596,119.0,360.0,0.0,Urban,Y
721,LP001567,Male,Yes,3+,Graduate,No,4513,120.0,360.0,1.0,Rural,Y
722,LP001568,Male,Yes,0,Graduate,No,4500,140.0,360.0,1.0,Semiurban,Y
723,LP001573,Male,Yes,0,Not Graduate,No,4523,165.0,360.0,1.0,Urban,Y
724,LP001584,Female,No,0,Graduate,Yes,4742,108.0,360.0,1.0,Semiurban,Y
725,LP001587,Male,Yes,0,Graduate,No,4082,93.0,360.0,1.0,Semiurban,Y
726,LP001589,Female,No,0,Graduate,No,3417,102.0,360.0,1.0,Urban,Y
727,LP001591,Female,Yes,2,Graduate,No,2922,122.0,360.0,1.0,Semiurban,Y
728,LP001599,Male,Yes,0,Graduate,No,4167,160.0,360.0,1.0,Rural,Y
729,LP001601,Male,No,3+,Graduate,No,4243,157.0,360.0,1.0,Semiurban,Y
730,LP001607,Female,No,0,Not Graduate,No,0,180.0,360.0,1.0,Semiurban,Y
731,LP001611,Male,Yes,1,Graduate,No,1516,80.0,360.0,0.0,Rural,Y
732,LP001613,Female,No,0,Graduate,No,1762,104.0,360.0,0.0,Urban,Y
733,LP001622,Male,Yes,2,Graduate,No,724,213.0,360.0,0.0,Rural,Y
734,LP001627,Male,No,0,Graduate,No,3125,65.0,360.0,1.0,Urban,Y
735,LP001650,Male,Yes,0,Graduate,No,2333,146.0,360.0,1.0,Rural,Y
736,LP001651,Male,Yes,3+,Graduate,No,3350,135.0,360.0,1.0,Urban,Y
737,LP001652,Male,No,0,Graduate,No,2500,187.0,360.0,0.0,Rural,Y
738,LP001655,Female,No,0,Graduate,No,12500,300.0,360.0,0.0,Urban,Y
739,LP001660,Male,No,0,Graduate,No,4667,120.0,360.0,1.0,Semiurban,Y
740,LP001662,Male,No,0,Graduate,No,6500,71.0,360.0,0.0,Urban,Y
741,LP001663,Male,Yes,2,Graduate,No,7500,225.0,360.0,1.0,Urban,Y
742,LP001667,Male,No,0,Graduate,No,3073,70.0,180.0,1.0,Urban,Y
743,LP001695,Male,Yes,1,Not Graduate,No,3321,70.0,360.0,1.0,Semiurban,Y
744,LP001703,Male,Yes,0,Graduate,No,3333,124.0,360.0,1.0,Urban,Y
745,LP001718,Male,No,0,Graduate,No,3391,132.0,360.0,1.0,Rural,Y
746,LP001728,Male,Yes,1,Graduate,Yes,3343,105.0,360.0,1.0,Rural,Y
747,LP001735,Female,No,1,Graduate,No,3620,90.0,360.0,1.0,Urban,Y
748,LP001737,Male,No,0,Graduate,No,4000,83.0,84.0,1.0,Urban,Y
749,LP001739,Male,Yes,0,Graduate,No,4258,125.0,360.0,1.0,Urban,Y
750,LP001742,Male,Yes,2,Graduate,No,4500,147.0,360.0,1.0,Rural,Y
751,LP001757,Male,Yes,1,Graduate,No,2014,120.0,360.0,1.0,Rural,Y
752,LP001769,Male,No,0,Graduate,No,3333,110.0,360.0,1.0,Semiurban,Y
753,LP001771,Female,No,3+,Graduate,No,4083,103.0,360.0,1.0,Semiurban,Y
754,LP001785,Male,No,0,Graduate,No,4727,150.0,360.0,0.0,Rural,Y
755,LP001787,Male,Yes,3+,Graduate,No,3089,100.0,240.0,1.0,Rural,Y
756,LP001789,Male,Yes,3+,Not Graduate,No,6794,139.0,360.0,0.0,Urban,Y
757,LP001791,Male,Yes,0,Graduate,Yes,32000,550.0,360.0,1.0,Semiurban,Y
758,LP001794,Male,Yes,2,Graduate,Yes,10890,260.0,12.0,1.0,Rural,Y
759,LP001797,Female,No,0,Graduate,No,12941,150.0,300.0,1.0,Urban,Y
760,LP001815,Male,No,0,Not Graduate,No,3276,90.0,360.0,1.0,Semiurban,Y
761,LP001817,Male,No,0,Not Graduate,Yes,8703,199.0,360.0,0.0,Rural,Y
762,LP001818,Male,Yes,1,Graduate,No,4742,139.0,360.0,1.0,Semiurban,Y
763,LP001822,Male,No,0,Graduate,No,5900,150.0,360.0,1.0,Urban,Y
764,LP001827,Male,No,0,Graduate,No,3071,180.0,360.0,1.0,Urban,Y
765,LP001831,Male,Yes,0,Graduate,No,2783,113.0,360.0,1.0,Urban,Y
766,LP001842,Male,No,0,Graduate,No,5000,148.0,360.0,1.0,Rural,Y
767,LP001853,Male,Yes,1,Not Graduate,No,2463,117.0,360.0,0.0,Urban,Y
768,LP001855,Male,Yes,2,Graduate,No,4855,72.0,360.0,1.0,Rural,Y
769,LP001857,Male,No,0,Not Graduate,Yes,1599,125.0,300.0,1.0,Semiurban,Y
770,LP001862,Male,Yes,2,Graduate,Yes,4246,214.0,360.0,1.0,Urban,Y
771,LP001867,Male,Yes,0,Graduate,No,4333,133.0,350.0,1.0,Rural,Y
772,LP001878,Male,No,1,Graduate,No,5823,187.0,360.0,1.0,Semiurban,Y
773,LP001881,Male,Yes,0,Not Graduate,No,7895,143.0,360.0,1.0,Rural,Y
774,LP001886,Male,No,0,Graduate,No,4150,209.0,360.0,1.0,Rural,Y
775,LP001906,Male,No,0,Graduate,No,2964,84.0,360.0,0.0,Semiurban,Y
776,LP001909,Male,No,0,Graduate,No,5583,116.0,360.0,1.0,Urban,Y
777,LP001911,Female,No,0,Graduate,No,2708,65.0,360.0,1.0,Rural,Y
778,LP001921,Male,No,1,Graduate,No,3180,80.0,240.0,1.0,Rural,Y
779,LP001923,Male,No,0,Not Graduate,No,2268,170.0,360.0,0.0,Semiurban,Y
780,LP001933,Male,No,2,Not Graduate,No,1141,120.0,360.0,0.0,Urban,Y
781,LP001943,Male,Yes,0,Graduate,No,3042,135.0,360.0,1.0,Urban,Y
782,LP001950,Female,Yes,3+,Graduate,No,1750,94.0,360.0,0.0,Semiurban,Y
783,LP001959,Female,Yes,1,Graduate,No,3564,79.0,360.0,1.0,Rural,Y
784,LP001961,Female,No,0,Graduate,No,3958,110.0,360.0,1.0,Rural,Y
785,LP001973,Male,Yes,2,Not Graduate,No,4483,130.0,360.0,1.0,Rural,Y
786,LP001975,Male,Yes,0,Graduate,No,5225,143.0,360.0,1.0,Rural,Y
787,LP001979,Male,No,0,Graduate,No,3017,159.0,180.0,0.0,Urban,Y
788,LP001995,Male,Yes,0,Not Graduate,No,2431,110.0,360.0,0.0,Rural,Y
789,LP001999,Male,Yes,2,Graduate,No,4912,160.0,360.0,1.0,Rural,Y
790,LP002007,Male,Yes,2,Not Graduate,No,2500,131.0,360.0,1.0,Urban,Y
791,LP002009,Female,No,0,Graduate,No,2918,65.0,360.0,1.0,Rural,Y
792,LP002016,Male,Yes,2,Graduate,No,5128,143.0,360.0,1.0,Rural,Y
793,LP002017,Male,Yes,3+,Graduate,No,15312,187.0,360.0,1.0,Urban,Y
794,LP002018,Male,Yes,2,Graduate,No,3958,160.0,360.0,1.0,Semiurban,Y
795,LP002027,Male,Yes,0,Graduate,No,4334,165.0,360.0,1.0,Semiurban,Y
796,LP002028,Male,Yes,2,Graduate,No,4358,110.0,360.0,1.0,Urban,Y
797,LP002042,Female,Yes,1,Graduate,No,4000,173.0,360.0,1.0,Rural,Y
798,LP002045,Male,Yes,3+,Graduate,No,10166,150.0,360.0,1.0,Urban,Y
799,LP002046,Male,Yes,0,Not Graduate,No,4483,135.0,360.0,1.0,Semiurban,Y
800,LP002047,Male,Yes,2,Not Graduate,No,4521,150.0,360.0,1.0,Semiurban,Y
801,LP002056,Male,Yes,2,Graduate,No,9167,235.0,360.0,1.0,Semiurban,Y
802,LP002057,Male,Yes,0,Not Graduate,No,13083,126.0,360.0,1.0,Rural,Y
803,LP002059,Male,Yes,2,Graduate,No,7874,336.0,360.0,1.0,Rural,Y
804,LP002062,Female,Yes,1,Graduate,No,4333,132.0,84.0,1.0,Rural,Y
805,LP002064,Male,No,0,Graduate,No,4083,96.0,360.0,1.0,Urban,Y
806,LP002069,Male,Yes,2,Not Graduate,No,3785,180.0,360.0,0.0,Rural,Y
807,LP002070,Male,Yes,3+,Not Graduate,No,2654,128.0,360.0,0.0,Rural,Y
808,LP002077,Male,Yes,1,Graduate,No,10000,412.0,360.0,1.0,Semiurban,Y
809,LP002083,Male,No,0,Graduate,Yes,5833,116.0,360.0,1.0,Urban,Y
810,LP002090,Male,Yes,1,Graduate,No,4796,114.0,360.0,0.0,Semiurban,Y
811,LP002096,Male,Yes,0,Not Graduate,No,2000,115.0,360.0,1.0,Rural,Y
812,LP002099,Male,Yes,2,Graduate,No,2540,104.0,360.0,0.0,Urban,Y
813,LP002102,Male,Yes,0,Graduate,Yes,1900,88.0,360.0,1.0,Rural,Y
814,LP002105,Male,Yes,0,Graduate,Yes,8706,108.0,480.0,1.0,Rural,Y
815,LP002107,Male,Yes,3+,Not Graduate,No,2855,90.0,360.0,1.0,Urban,Y
816,LP002111,Male,Yes,0,Graduate,No,3016,100.0,360.0,1.0,Urban,Y
817,LP002117,Female,Yes,0,Graduate,No,3159,108.0,360.0,1.0,Semiurban,Y
818,LP002118,Female,No,0,Graduate,No,1937,78.0,360.0,1.0,Semiurban,Y
819,LP002123,Male,Yes,0,Graduate,No,2613,123.0,360.0,1.0,Semiurban,Y
820,LP002125,Male,Yes,1,Graduate,No,4960,187.0,360.0,1.0,Semiurban,Y
821,LP002148,Male,Yes,1,Graduate,No,3074,146.0,360.0,1.0,Semiurban,Y
822,LP002152,Female,No,0,Graduate,No,4213,80.0,360.0,1.0,Urban,Y
823,LP002165,Male,No,1,Not Graduate,No,2038,100.0,360.0,1.0,Rural,Y
824,LP002167,Female,No,0,Graduate,No,2362,55.0,360.0,1.0,Urban,Y
825,LP002168,Male,No,0,Graduate,No,5333,200.0,360.0,0.0,Rural,Y
826,LP002172,Male,Yes,3+,Graduate,Yes,5384,150.0,360.0,1.0,Semiurban,Y
827,LP002176,Male,No,0,Graduate,No,5708,150.0,360.0,1.0,Rural,Y
828,LP002183,Male,Yes,0,Not Graduate,No,3754,118.0,360.0,1.0,Rural,Y
829,LP002184,Male,Yes,0,Not Graduate,No,2914,150.0,300.0,1.0,Urban,Y
830,LP002186,Male,Yes,0,Not Graduate,No,2747,118.0,36.0,1.0,Semiurban,Y
831,LP002192,Male,Yes,0,Graduate,No,7830,212.0,360.0,1.0,Rural,Y
832,LP002195,Male,Yes,1,Graduate,Yes,3507,212.0,360.0,1.0,Rural,Y
833,LP002208,Male,Yes,1,Graduate,No,3747,125.0,360.0,1.0,Urban,Y
834,LP002212,Male,Yes,0,Graduate,No,2166,108.0,360.0,1.0,Urban,Y
835,LP002240,Male,Yes,0,Not Graduate,No,3500,149.0,360.0,1.0,Rural,Y
836,LP002245,Male,Yes,2,Not Graduate,No,2896,80.0,480.0,1.0,Urban,Y
837,LP002253,Female,No,1,Graduate,No,5062,152.0,300.0,1.0,Rural,Y
838,LP002256,Female,No,2,Graduate,Yes,5184,187.0,360.0,0.0,Semiurban,Y
839,LP002257,Female,No,0,Graduate,No,2545,74.0,360.0,1.0,Urban,Y
840,LP002264,Male,Yes,0,Graduate,No,2553,102.0,360.0,1.0,Urban,Y
841,LP002270,Male,Yes,1,Graduate,No,3436,100.0,360.0,1.0,Rural,Y
842,LP002279,Male,No,0,Graduate,No,2412,130.0,360.0,1.0,Rural,Y
843,LP002286,Male,Yes,3+,Not Graduate,No,5180,125.0,360.0,0.0,Urban,Y
844,LP002294,Male,No,0,Graduate,No,14911,130.0,360.0,1.0,Semiurban,Y
845,LP002298,Male,No,0,Graduate,Yes,2860,138.0,360.0,1.0,Urban,Y
846,LP002306,Male,Yes,0,Graduate,No,1173,28.0,180.0,1.0,Rural,Y
847,LP002310,Female,No,1,Graduate,No,7600,92.0,360.0,1.0,Semiurban,Y
848,LP002311,Female,Yes,0,Graduate,No,2157,104.0,360.0,1.0,Urban,Y
849,LP002316,Male,No,0,Graduate,No,2231,176.0,360.0,0.0,Urban,Y
850,LP002321,Female,No,0,Graduate,No,2274,117.0,360.0,0.0,Semiurban,Y
851,LP002325,Male,Yes,2,Not Graduate,No,6166,102.0,360.0,1.0,Rural,Y
852,LP002326,Male,Yes,2,Not Graduate,No,2513,107.0,360.0,1.0,Semiurban,Y
853,LP002329,Male,No,0,Graduate,No,4333,66.0,480.0,1.0,Urban,Y
854,LP002333,Male,No,0,Not Graduate,No,3844,105.0,360.0,1.0,Urban,Y
855,LP002339,Male,Yes,0,Graduate,No,3887,105.0,360.0,0.0,Semiurban,Y
856,LP002344,Male,Yes,0,Graduate,No,3510,105.0,360.0,1.0,Semiurban,Y
857,LP002346,Male,Yes,0,Graduate,No,2539,125.0,360.0,0.0,Rural,Y
858,LP002354,Female,No,0,Not Graduate,No,2107,64.0,360.0,1.0,Semiurban,Y
859,LP002355,Male,Yes,0,Graduate,No,3186,150.0,180.0,0.0,Semiurban,Y
860,LP002358,Male,Yes,2,Graduate,Yes,5000,150.0,360.0,1.0,Urban,Y
861,LP002360,Male,Yes,0,Graduate,No,10000,126.0,360.0,1.0,Urban,Y
862,LP002375,Male,Yes,0,Not Graduate,Yes,3943,64.0,360.0,1.0,Semiurban,Y
863,LP002376,Male,No,0,Graduate,No,2925,40.0,180.0,1.0,Rural,Y
864,LP002383,Male,Yes,3+,Graduate,No,3242,142.0,480.0,0.0,Urban,Y
865,LP002385,Male,Yes,0,Graduate,No,3863,70.0,300.0,1.0,Semiurban,Y
866,LP002389,Female,No,1,Graduate,No,4028,131.0,360.0,1.0,Semiurban,Y
867,LP002394,Male,Yes,2,Graduate,No,4010,120.0,360.0,1.0,Urban,Y
868,LP002397,Female,Yes,1,Graduate,No,3719,114.0,360.0,1.0,Urban,Y
869,LP002399,Male,No,0,Graduate,No,2858,123.0,360.0,0.0,Rural,Y
870,LP002400,Female,Yes,0,Graduate,No,3833,92.0,360.0,1.0,Rural,Y
871,LP002402,Male,Yes,0,Graduate,No,3333,160.0,360.0,1.0,Urban,Y
872,LP002412,Male,Yes,0,Graduate,No,3007,151.0,360.0,1.0,Rural,Y
873,LP002415,Female,No,1,Graduate,No,1850,81.0,360.0,1.0,Rural,Y
874,LP002417,Male,Yes,3+,Not Graduate,No,2792,171.0,360.0,1.0,Semiurban,Y
875,LP002420,Male,Yes,0,Graduate,No,2982,110.0,360.0,1.0,Semiurban,Y
876,LP002425,Male,No,0,Graduate,No,3417,100.0,360.0,1.0,Rural,Y
877,LP002433,Male,Yes,1,Graduate,No,18840,234.0,360.0,1.0,Rural,Y
878,LP002440,Male,Yes,2,Graduate,No,2995,184.0,360.0,1.0,Rural,Y
879,LP002441,Male,No,0,Graduate,No,3579,138.0,360.0,1.0,Semiurban,Y
880,LP002442,Female,Yes,1,Not Graduate,No,3835,112.0,480.0,0.0,Urban,Y
881,LP002445,Female,No,1,Not Graduate,No,3854,117.0,360.0,1.0,Rural,Y
882,LP002450,Male,Yes,2,Graduate,No,5833,49.0,360.0,0.0,Rural,Y
883,LP002471,Male,No,0,Graduate,No,3508,99.0,360.0,1.0,Rural,Y
884,LP002476,Female,Yes,3+,Not Graduate,No,1635,99.0,360.0,1.0,Urban,Y
885,LP002482,Female,No,0,Graduate,Yes,3333,212.0,360.0,1.0,Rural,Y
886,LP002485,Male,No,1,Graduate,No,24797,240.0,360.0,1.0,Semiurban,Y
887,LP002495,Male,Yes,2,Graduate,No,5667,130.0,360.0,0.0,Semiurban,Y
888,LP002496,Female,No,0,Graduate,No,3500,94.0,360.0,0.0,Semiurban,Y
889,LP002523,Male,Yes,3+,Graduate,No,2773,108.0,360.0,1.0,Semiurban,Y
890,LP002542,Male,Yes,0,Graduate,No,6500,144.0,360.0,1.0,Urban,Y
891,LP002550,Female,No,0,Graduate,No,5769,110.0,180.0,1.0,Semiurban,Y
892,LP002551,Male,Yes,3+,Not Graduate,No,3634,176.0,360.0,0.0,Semiurban,Y
893,LP002553,Male,No,0,Graduate,No,29167,185.0,360.0,1.0,Semiurban,Y
894,LP002554,Male,No,0,Graduate,No,2166,122.0,360.0,1.0,Semiurban,Y
895,LP002561,Male,Yes,0,Graduate,No,5000,126.0,360.0,1.0,Rural,Y
896,LP002566,Female,No,0,Graduate,No,5530,135.0,360.0,1.0,Urban,Y
897,LP002568,Male,No,0,Not Graduate,No,9000,122.0,360.0,1.0,Rural,Y
898,LP002570,Female,Yes,2,Graduate,No,10000,460.0,360.0,1.0,Urban,Y
899,LP002572,Male,Yes,1,Graduate,No,8750,297.0,360.0,1.0,Urban,Y
900,LP002581,Male,Yes,0,Not Graduate,No,2157,140.0,360.0,1.0,Rural,Y
901,LP002584,Male,No,0,Graduate,No,1972,106.0,360.0,1.0,Rural,Y
902,LP002592,Male,No,0,Graduate,No,4983,141.0,360.0,1.0,Urban,Y
903,LP002593,Male,Yes,1,Graduate,No,8333,126.0,360.0,1.0,Urban,Y
904,LP002599,Male,Yes,0,Graduate,No,3667,170.0,360.0,1.0,Semiurban,Y
905,LP002604,Male,Yes,2,Graduate,No,3166,145.0,360.0,1.0,Urban,Y
906,LP002605,Male,No,0,Not Graduate,No,3271,90.0,360.0,1.0,Rural,Y
907,LP002609,Female,Yes,0,Graduate,No,2241,88.0,360.0,0.0,Urban,Y
908,LP002610,Male,Yes,1,Not Graduate,No,1792,128.0,360.0,1.0,Urban,Y
909,LP002612,Female,Yes,0,Graduate,No,2666,84.0,480.0,1.0,Semiurban,Y
910,LP002614,Male,No,0,Graduate,No,6478,108.0,360.0,1.0,Semiurban,Y
911,LP002630,Male,No,0,Not Graduate,No,3808,83.0,360.0,1.0,Rural,Y
912,LP002635,Female,Yes,2,Not Graduate,No,3729,117.0,360.0,1.0,Semiurban,Y
913,LP002639,Male,Yes,2,Graduate,No,4120,128.0,360.0,1.0,Rural,Y
914,LP002644,Male,Yes,1,Graduate,Yes,7500,75.0,360.0,1.0,Urban,Y
915,LP002651,Male,Yes,1,Graduate,No,6300,125.0,360.0,0.0,Urban,Y
916,LP002654,Female,No,0,Graduate,Yes,14987,177.0,360.0,1.0,Rural,Y
917,LP002657,Male,Yes,1,Not Graduate,Yes,570,68.0,360.0,1.0,Rural,Y
918,LP002711,Male,Yes,0,Graduate,No,2600,96.0,360.0,1.0,Semiurban,Y
919,LP002712,Male,No,2,Not Graduate,No,2733,180.0,360.0,1.0,Semiurban,Y
920,LP002721,Male,Yes,2,Graduate,Yes,7500,183.0,360.0,1.0,Rural,Y
921,LP002735,Male,Yes,2,Not Graduate,No,3859,121.0,360.0,1.0,Rural,Y
922,LP002744,Male,Yes,1,Graduate,No,6825,162.0,360.0,1.0,Rural,Y
923,LP002745,Male,Yes,0,Graduate,No,3708,132.0,360.0,1.0,Semiurban,Y
924,LP002746,Male,No,0,Graduate,No,5314,147.0,360.0,1.0,Urban,Y
925,LP002747,Female,No,3+,Graduate,No,2366,153.0,360.0,0.0,Rural,Y
926,LP002754,Male,No,0,Graduate,No,2066,104.0,84.0,1.0,Urban,Y
927,LP002759,Male,Yes,2,Graduate,No,5000,149.0,360.0,1.0,Rural,Y
928,LP002760,Female,No,0,Graduate,No,3767,134.0,300.0,1.0,Urban,Y
929,LP002766,Female,Yes,0,Graduate,No,7859,165.0,180.0,1.0,Semiurban,Y
930,LP002769,Female,Yes,0,Graduate,No,4283,120.0,360.0,1.0,Rural,Y
931,LP002774,Male,Yes,0,Not Graduate,No,1700,67.0,360.0,0.0,Urban,Y
932,LP002775,Male,No,0,Not Graduate,No,4768,125.0,360.0,1.0,Rural,Y
933,LP002781,Male,No,0,Graduate,No,3083,120.0,360.0,1.0,Urban,Y
934,LP002782,Male,Yes,1,Graduate,No,2667,148.0,360.0,1.0,Rural,Y
935,LP002786,Female,Yes,0,Not Graduate,No,1647,181.0,360.0,1.0,Urban,Y
936,LP002790,Male,Yes,3+,Graduate,No,3400,80.0,120.0,1.0,Urban,Y
937,LP002791,Male,No,1,Graduate,No,16000,40.0,360.0,1.0,Semiurban,Y
938,LP002793,Male,Yes,0,Graduate,No,5333,90.0,360.0,1.0,Rural,Y
939,LP002802,Male,No,0,Graduate,No,2875,95.0,6.0,0.0,Semiurban,Y
940,LP002803,Male,Yes,1,Not Graduate,No,2600,122.0,360.0,1.0,Semiurban,Y
941,LP002805,Male,Yes,2,Graduate,No,5041,150.0,360.0,1.0,Urban,Y
942,LP002806,Male,Yes,3+,Graduate,Yes,6958,150.0,360.0,1.0,Rural,Y
943,LP002816,Male,Yes,1,Graduate,No,3500,104.0,360.0,1.0,Semiurban,Y
944,LP002823,Male,Yes,0,Graduate,No,5509,143.0,360.0,1.0,Rural,Y
945,LP002825,Male,Yes,3+,Graduate,No,9699,300.0,360.0,1.0,Urban,Y
946,LP002826,Female,Yes,1,Not Graduate,No,3621,171.0,360.0,1.0,Urban,Y
947,LP002843,Female,Yes,0,Graduate,No,4709,113.0,360.0,1.0,Semiurban,Y
948,LP002849,Male,Yes,0,Graduate,No,1516,35.0,360.0,1.0,Semiurban,Y
949,LP002850,Male,No,2,Graduate,No,2400,46.0,360.0,1.0,Urban,Y
950,LP002853,Female,No,0,Not Graduate,No,3015,145.0,360.0,1.0,Urban,Y
951,LP002856,Male,Yes,0,Graduate,No,2292,119.0,360.0,1.0,Urban,Y
952,LP002857,Male,Yes,1,Graduate,Yes,2360,87.0,240.0,1.0,Rural,Y
953,LP002858,Female,No,0,Graduate,No,4333,162.0,360.0,0.0,Rural,Y
954,LP002860,Male,Yes,0,Graduate,Yes,2623,122.0,180.0,1.0,Semiurban,Y
955,LP002867,Male,No,0,Graduate,Yes,3972,187.0,360.0,1.0,Rural,Y
956,LP002869,Male,Yes,3+,Not Graduate,No,3522,81.0,180.0,1.0,Rural,Y
957,LP002870,Male,Yes,1,Graduate,No,4700,80.0,360.0,1.0,Urban,Y
958,LP002876,Male,No,0,Graduate,No,6858,176.0,360.0,1.0,Rural,Y
959,LP002878,Male,Yes,3+,Graduate,No,8334,260.0,360.0,1.0,Urban,Y
960,LP002879,Male,Yes,0,Graduate,No,3391,133.0,360.0,0.0,Rural,Y
961,LP002885,Male,No,0,Not Graduate,No,2868,70.0,360.0,1.0,Urban,Y
962,LP002890,Male,Yes,2,Not Graduate,No,3418,135.0,360.0,1.0,Urban,Y
963,LP002891,Male,Yes,0,Graduate,Yes,2500,137.0,300.0,1.0,Rural,Y
964,LP002899,Male,Yes,2,Graduate,No,8667,254.0,360.0,1.0,Rural,Y
965,LP002901,Male,No,0,Graduate,No,2283,106.0,360.0,1.0,Rural,Y
966,LP002907,Male,Yes,0,Graduate,No,5817,109.0,360.0,1.0,Urban,Y
967,LP002920,Male,Yes,0,Graduate,No,5119,120.0,360.0,1.0,Rural,Y
968,LP002921,Male,Yes,3+,Not Graduate,No,5316,158.0,180.0,0.0,Semiurban,Y
969,LP002932,Male,Yes,3+,Graduate,No,7603,197.0,360.0,1.0,Urban,Y
970,LP002935,Male,Yes,1,Graduate,No,3791,85.0,360.0,1.0,Urban,Y
971,LP002952,Male,No,0,Graduate,No,2500,60.0,360.0,1.0,Urban,Y
972,LP002954,Male,Yes,2,Not Graduate,No,3132,76.0,360.0,1.0,Rural,Y
973,LP002962,Male,No,0,Graduate,No,4000,152.0,360.0,1.0,Semiurban,Y
974,LP002965,Female,Yes,0,Graduate,No,8550,96.0,360.0,1.0,Urban,Y
975,LP002969,Male,Yes,1,Graduate,No,2269,99.0,360.0,1.0,Semiurban,Y
976,LP002971,Male,Yes,3+,Not Graduate,Yes,4009,113.0,360.0,1.0,Urban,Y
977,LP002975,Male,Yes,0,Graduate,No,4158,115.0,360.0,1.0,Urban,Y
978,LP002980,Male,No,0,Graduate,No,3250,126.0,360.0,1.0,Semiurban,Y
979,LP002986,Male,Yes,0,Graduate,No,5000,158.0,360.0,1.0,Rural,Y
980,LP002989,Male,No,0,Graduate,Yes,9200,98.0,180.0,1.0,Rural,Y
